task,split,local_macro_f1,local_roc_auc,local_balanced_accuracy,local_accuracy,local_brier_score,local_log_loss,metrics_path
Pgp_Broccatelli,test,0.8408057179987004,0.8928952279392163,0.8410423886963476,0.8408163265306122,0.1236915689301696,0.4337477481921574,/data1/tianang/Projects/TRIM/outputs/metrics/local_only/fg_only_topk4_same_scaffold_njobs16/test/Pgp_Broccatelli/Pgp_Broccatelli__test_molecule_level_metrics.json
HIA_Hou,test,0.8320574162679426,0.9234567901234568,0.7907407407407407,0.8974358974358975,0.08639857165995447,0.35022159803685926,/data1/tianang/Projects/TRIM/outputs/metrics/local_only/fg_only_topk4_same_scaffold_njobs16/test/HIA_Hou/HIA_Hou__test_molecule_level_metrics.json
BBB_Martins,test,0.8032457754726452,0.8909060626249168,0.7838940706195869,0.8852040816326531,0.08796619786943786,0.301503957535961,/data1/tianang/Projects/TRIM/outputs/metrics/local_only/fg_only_topk4_same_scaffold_njobs16/test/BBB_Martins/BBB_Martins__test_molecule_level_metrics.json
DILI,test,0.800328407224959,0.8552173913043479,0.7995652173913044,0.8020833333333334,0.16018734890366193,0.5170698987408647,/data1/tianang/Projects/TRIM/outputs/metrics/local_only/fg_only_topk4_same_scaffold_njobs16/test/DILI/DILI__test_molecule_level_metrics.json
AMES,test,0.7471193359842032,0.8100452057866554,0.746519075740348,0.7570543702684102,0.1727069510685102,0.5426836246953848,/data1/tianang/Projects/TRIM/outputs/metrics/local_only/fg_only_topk4_same_scaffold_njobs16/test/AMES/AMES__test_molecule_level_metrics.json
Carcinogens_Lagunin,test,0.7333333333333334,0.8159090909090909,0.7159090909090908,0.8518518518518519,0.11548394005157342,0.45056760684465036,/data1/tianang/Projects/TRIM/outputs/metrics/local_only/fg_only_topk4_same_scaffold_njobs16/test/Carcinogens_Lagunin/Carcinogens_Lagunin__test_molecule_level_metrics.json
CYP2D6_Substrate_CarbonMangels,test,0.7191722972972974,0.8092621664050236,0.7069597069597069,0.7744360902255639,0.15737857537757324,0.5162296165380346,/data1/tianang/Projects/TRIM/outputs/metrics/local_only/fg_only_topk4_same_scaffold_njobs16/test/CYP2D6_Substrate_CarbonMangels/CYP2D6_Substrate_CarbonMangels__test_molecule_level_metrics.json
hERG,test,0.6420822135960984,0.7866847826086957,0.6283967391304348,0.7661290322580645,0.16845425034429157,0.5738256162561075,/data1/tianang/Projects/TRIM/outputs/metrics/local_only/fg_only_topk4_same_scaffold_njobs16/test/hERG/hERG__test_molecule_level_metrics.json
Skin_Reaction,test,0.5896690879741727,0.6504559270516717,0.5936170212765958,0.6219512195121951,0.25877385749603554,0.8422517033633543,/data1/tianang/Projects/TRIM/outputs/metrics/local_only/fg_only_topk4_same_scaffold_njobs16/test/Skin_Reaction/Skin_Reaction__test_molecule_level_metrics.json
SARSCoV2_3CLPro_Diamond,test,0.5788034188034188,0.716436251920123,0.5617511520737327,0.8806818181818182,0.0907387714616617,0.36150980053455245,/data1/tianang/Projects/TRIM/outputs/metrics/local_only/fg_only_topk4_same_scaffold_njobs16/test/SARSCoV2_3CLPro_Diamond/SARSCoV2_3CLPro_Diamond__test_molecule_level_metrics.json
CYP3A4_Substrate_CarbonMangels,test,0.5658994032395567,0.6251144688644689,0.5666208791208791,0.5746268656716418,0.25026789435546076,0.7344258031133688,/data1/tianang/Projects/TRIM/outputs/metrics/local_only/fg_only_topk4_same_scaffold_njobs16/test/CYP3A4_Substrate_CarbonMangels/CYP3A4_Substrate_CarbonMangels__test_molecule_level_metrics.json
Bioavailability_Ma,test,0.5494824016563147,0.7352843365480546,0.5503824409710675,0.734375,0.1678657389946951,0.5089861491082026,/data1/tianang/Projects/TRIM/outputs/metrics/local_only/fg_only_topk4_same_scaffold_njobs16/test/Bioavailability_Ma/Bioavailability_Ma__test_molecule_level_metrics.json
PAMPA_NCATS,test,0.5374898785425101,0.7021375225341231,0.5347154262168426,0.8455882352941176,0.11514661222817615,0.39011771126918193,/data1/tianang/Projects/TRIM/outputs/metrics/local_only/fg_only_topk4_same_scaffold_njobs16/test/PAMPA_NCATS/PAMPA_NCATS__test_molecule_level_metrics.json
ClinTox,test,0.533695652173913,0.8093905472636815,0.5259121061359867,0.9370629370629371,0.05034180971924397,0.1960765583873184,/data1/tianang/Projects/TRIM/outputs/metrics/local_only/fg_only_topk4_same_scaffold_njobs16/test/ClinTox/ClinTox__test_molecule_level_metrics.json
SARSCoV2_Vitro_Touret,test,0.4852686308492201,0.5714285714285714,0.5,0.9427609427609428,0.059485380214619334,0.26386603294132394,/data1/tianang/Projects/TRIM/outputs/metrics/local_only/fg_only_topk4_same_scaffold_njobs16/test/SARSCoV2_Vitro_Touret/SARSCoV2_Vitro_Touret__test_molecule_level_metrics.json
CYP2C9_Substrate_CarbonMangels,test,0.47593167701863354,0.6649484536082474,0.5137004883342376,0.7037037037037037,0.2031094258834198,0.714493037764799,/data1/tianang/Projects/TRIM/outputs/metrics/local_only/fg_only_topk4_same_scaffold_njobs16/test/CYP2C9_Substrate_CarbonMangels/CYP2C9_Substrate_CarbonMangels__test_molecule_level_metrics.json
Pgp_Broccatelli,valid,0.8761695906432749,0.9430707303047728,0.8704715353651524,0.8842975206611571,0.09106610651873995,0.3154751827568325,/data1/tianang/Projects/TRIM/outputs/metrics/local_only/fg_only_topk4_same_scaffold_njobs16/valid/Pgp_Broccatelli/Pgp_Broccatelli__valid_molecule_level_metrics.json
BBB_Martins,valid,0.8177191524719568,0.8022820800598578,0.7875982042648709,0.9076923076923077,0.08365063178174648,0.34781712751475946,/data1/tianang/Projects/TRIM/outputs/metrics/local_only/fg_only_topk4_same_scaffold_njobs16/valid/BBB_Martins/BBB_Martins__valid_molecule_level_metrics.json
CYP2D6_Substrate_CarbonMangels,valid,0.79375,0.8980963045912654,0.7681970884658456,0.8484848484848485,0.11413524698089209,0.36770201335027347,/data1/tianang/Projects/TRIM/outputs/metrics/local_only/fg_only_topk4_same_scaffold_njobs16/valid/CYP2D6_Substrate_CarbonMangels/CYP2D6_Substrate_CarbonMangels__valid_molecule_level_metrics.json
HIA_Hou,valid,0.7807692307692308,0.9314285714285714,0.7142857142857143,0.9298245614035088,0.06508408484640388,0.21877670853653694,/data1/tianang/Projects/TRIM/outputs/metrics/local_only/fg_only_topk4_same_scaffold_njobs16/valid/HIA_Hou/HIA_Hou__valid_molecule_level_metrics.json
AMES,valid,0.7629696633694183,0.8404985153930301,0.7642365994686671,0.7656033287101248,0.1622670566435154,0.4999270302111462,/data1/tianang/Projects/TRIM/outputs/metrics/local_only/fg_only_topk4_same_scaffold_njobs16/valid/AMES/AMES__valid_molecule_level_metrics.json
DILI,valid,0.749636803874092,0.7862745098039217,0.7529411764705882,0.7659574468085106,0.17857308122225474,0.5670697885929133,/data1/tianang/Projects/TRIM/outputs/metrics/local_only/fg_only_topk4_same_scaffold_njobs16/valid/DILI/DILI__valid_molecule_level_metrics.json
Bioavailability_Ma,valid,0.7037037037037037,0.7707390648567118,0.6726998491704375,0.84375,0.13075709660042859,0.49774943772311075,/data1/tianang/Projects/TRIM/outputs/metrics/local_only/fg_only_topk4_same_scaffold_njobs16/valid/Bioavailability_Ma/Bioavailability_Ma__valid_molecule_level_metrics.json
Skin_Reaction,valid,0.6703296703296704,0.6994949494949496,0.6767676767676767,0.7,0.22612438164106824,0.6710696113494411,/data1/tianang/Projects/TRIM/outputs/metrics/local_only/fg_only_topk4_same_scaffold_njobs16/valid/Skin_Reaction/Skin_Reaction__valid_molecule_level_metrics.json
Carcinogens_Lagunin,valid,0.6690307328605201,0.6608695652173914,0.6565217391304348,0.8214285714285714,0.1103595807634975,0.6930772019692977,/data1/tianang/Projects/TRIM/outputs/metrics/local_only/fg_only_topk4_same_scaffold_njobs16/valid/Carcinogens_Lagunin/Carcinogens_Lagunin__valid_molecule_level_metrics.json
hERG,valid,0.6618867924528302,0.7538461538461538,0.6661538461538461,0.671875,0.20979396719526636,0.6621597881567138,/data1/tianang/Projects/TRIM/outputs/metrics/local_only/fg_only_topk4_same_scaffold_njobs16/valid/hERG/hERG__valid_molecule_level_metrics.json
CYP2C9_Substrate_CarbonMangels,valid,0.5875,0.6923076923076923,0.5776487663280117,0.7878787878787878,0.15622911985636612,0.4669148037257822,/data1/tianang/Projects/TRIM/outputs/metrics/local_only/fg_only_topk4_same_scaffold_njobs16/valid/CYP2C9_Substrate_CarbonMangels/CYP2C9_Substrate_CarbonMangels__valid_molecule_level_metrics.json
PAMPA_NCATS,valid,0.5621523441934385,0.6124113475177305,0.550709219858156,0.9064039408866995,0.09629555753205102,0.332802542131195,/data1/tianang/Projects/TRIM/outputs/metrics/local_only/fg_only_topk4_same_scaffold_njobs16/valid/PAMPA_NCATS/PAMPA_NCATS__valid_molecule_level_metrics.json
SARSCoV2_3CLPro_Diamond,valid,0.5262939958592132,0.60625,0.525,0.8522727272727273,0.11397629450864279,0.4308272140421717,/data1/tianang/Projects/TRIM/outputs/metrics/local_only/fg_only_topk4_same_scaffold_njobs16/valid/SARSCoV2_3CLPro_Diamond/SARSCoV2_3CLPro_Diamond__valid_molecule_level_metrics.json
CYP3A4_Substrate_CarbonMangels,valid,0.4915178571428571,0.521978021978022,0.5137362637362638,0.4925373134328358,0.30801747709079724,0.9577365743006135,/data1/tianang/Projects/TRIM/outputs/metrics/local_only/fg_only_topk4_same_scaffold_njobs16/valid/CYP3A4_Substrate_CarbonMangels/CYP3A4_Substrate_CarbonMangels__valid_molecule_level_metrics.json
SARSCoV2_Vitro_Touret,valid,0.47703180212014135,0.5842524509803921,0.4963235294117647,0.9121621621621622,0.07899944748533307,0.3305871131268142,/data1/tianang/Projects/TRIM/outputs/metrics/local_only/fg_only_topk4_same_scaffold_njobs16/valid/SARSCoV2_Vitro_Touret/SARSCoV2_Vitro_Touret__valid_molecule_level_metrics.json
ClinTox,valid,0.4734848484848485,0.5971128608923885,0.4921259842519685,0.8992805755395683,0.08371858858923513,0.368621473255043,/data1/tianang/Projects/TRIM/outputs/metrics/local_only/fg_only_topk4_same_scaffold_njobs16/valid/ClinTox/ClinTox__valid_molecule_level_metrics.json
