smiles,label,prediction,score,scaffold
CC(C)Nc1cccnc1N1CCN(C(=O)C2=CC3=C[C@H](NS(C)(=O)=O)C=CC3=N2)CC1,0,1,0.5147347362216731,O=C(C1=CC2=CCC=CC2=N1)N1CCN(c2ccccn2)CC1
O=C1C=CC[C@@H]2[C@H]3CCCN4CCC[C@H](CN12)[C@H]34,0,0,0.18006286710260455,O=C1C=CCC2C3CCCN4CCCC(CN12)C34
O=C(c1ccc(OCC[NH+]2CCCCC2)cc1)c1c(-c2ccc(O)cc2)sc2cc(O)ccc12,0,0,0.41271850033462787,O=C(c1ccc(OCC[NH+]2CCCCC2)cc1)c1c(-c2ccccc2)sc2ccccc12
Cc1cc2c(s1)Nc1ccccc1N=C2N1CCNCC1,1,1,0.7320030576083382,c1ccc2c(c1)N=C(N1CCNCC1)c1ccsc1N2
CCN(CC)CCNC(=O)c1c(C)[nH]c(/C=C2\C(=O)Nc3ccc(F)cc32)c1C,1,1,0.9559055604383475,O=C1Nc2ccccc2C1=Cc1ccc[nH]1
O=C1CCc2ccc(OCCCCN3CCN(c4cccc(Cl)c4Cl)CC3)cc2N1,1,1,0.9691042780002183,O=C1CCc2ccc(OCCCCN3CCN(c4ccccc4)CC3)cc2N1
C[NH+](C)CCC1C=Nc2ccc(Cn3cncn3)cc21,0,0,0.28290292501143255,C1=Nc2ccc(Cn3cncn3)cc2C1
[NH3+]CCCC[C@H]([NH2+][C@H](CCc1ccccc1)C(=O)[O-])C(=O)N1CCC[C@H]1C(=O)[O-],0,0,0.33418143601447653,O=C(C[NH2+]CCCc1ccccc1)N1CCCC1
NCC[C@H](Oc1ccc(C(F)(F)F)cc1)c1ccccc1,1,1,0.8970613016750836,c1ccc(COc2ccccc2)cc1
CNCC[C@H](Oc1ccc(C(F)(F)F)cc1)c1ccccc1,1,1,0.9174249740419261,c1ccc(COc2ccccc2)cc1
C[NH2+]CC[C@@H](Oc1ccc(C(F)(F)F)cc1)c1ccccc1,1,1,0.9171762552055662,c1ccc(COc2ccccc2)cc1
CNCC[C@@H](Oc1ccccc1C)c1ccccc1,1,1,0.8174388273113902,c1ccc(COc2ccccc2)cc1
Cc1cccc(C)c1NC(=O)[C@@H]1CCCCN1C,0,1,0.5417696155237757,O=C(Nc1ccccc1)C1CCCCN1
CCCN1CCCC[C@@H]1C(=O)Nc1c(C)cccc1C,1,1,0.8357626842360958,O=C(Nc1ccccc1)C1CCCCN1
CCCCN1CCCC[C@@H]1C(=O)Nc1c(C)cccc1C,1,1,0.8436806362940806,O=C(Nc1ccccc1)C1CCCCN1
O[C@H](CNC[C@@H](O)[C@H]1CCc2cc(F)ccc2O1)[C@H]1CCc2cc(F)ccc2O1,1,1,0.9092047299948406,c1ccc2c(c1)CCC(CCNCCC1CCc3ccccc3O1)O2
COc1ccc(CN(CC[NH+](C)C)c2ccccn2)cc1,1,1,0.9021430638203887,c1ccc(CNc2ccccn2)cc1
CN(C)CCC=C1c2ccccc2CCc2ccccc21,1,1,0.8365156683237447,C=C1c2ccccc2CCc2ccccc21
C[NH2+]CCC=C1c2ccccc2CCc2ccccc21,1,1,0.8481650584605165,C=C1c2ccccc2CCc2ccccc21
C[NH+](C)CCC=C1c2ccccc2CCc2ccccc21,1,1,0.8614506675969772,C=C1c2ccccc2CCc2ccccc21
CC(C)(C)NC(=O)[C@@H]1C[C@@H]2CCCC[C@@H]2C[NH+]1C[C@@H](O)[C@H](Cc1ccccc1)NC(=O)[C@H](CC(N)=O)NC(=O)c1ccc2ccccc2n1,1,1,0.819076893540565,O=C(CNC(=O)c1ccc2ccccc2n1)NC(CC[NH+]1CCC2CCCCC2C1)Cc1ccccc1
CCOC(=O)C1(c2ccccc2)CCN(C)CC1,1,1,0.5718445935342539,c1ccc(C2CCNCC2)cc1
Clc1ccc(C(c2ccc(Cl)cc2)n2cc[n+](CC(OCc3ccc(Cl)cc3Cl)c3ccc(Cl)cc3Cl)c2)cc1,1,1,0.9847182664782497,c1ccc(COC(C[n+]2ccn(C(c3ccccc3)c3ccccc3)c2)c2ccccc2)cc1
Clc1ccc(C(c2ccc(Cl)cc2)n2cc[n+](C[C@H](OCc3ccc(Cl)cc3Cl)c3ccc(Cl)cc3Cl)c2)cc1,1,1,0.9847182664782497,c1ccc(COC(C[n+]2ccn(C(c3ccccc3)c3ccccc3)c2)c2ccccc2)cc1
NC(N)=[NH+]c1nc(CSCC/C(N)=[NH+]/S(N)(=O)=O)cs1,1,1,0.6879853678631157,c1cscn1
CCC1(c2ccccc2)C(=O)NC(=O)NC1=O,0,0,0.07341047195630801,O=C1NC(=O)C(c2ccccc2)C(=O)N1
O=C(NCCN1CCOCC1)c1ccc(Cl)cc1,0,1,0.5802594495468941,O=C(NCCN1CCOCC1)c1ccccc1
CC(=O)N1CCN(Cc2ccc3c(c2)CC[C@H](N2CCN(CCc4ccc(F)cc4)CC2=O)C3)CC1,1,1,0.9465839614380047,O=C1CN(CCc2ccccc2)CCN1C1CCc2cc(CN3CCNCC3)ccc2C1
CS(=O)(=O)N1CCN(Cc2ccc3c(c2)CC[C@H](N2CCN(CCc4ccc(F)cc4)CC2=O)C3)CC1,1,1,0.9387982611826476,O=C1CN(CCc2ccccc2)CCN1C1CCc2cc(CN3CCNCC3)ccc2C1
O=C1NCCN1CCN1CCC(c2cn(C3CCCCC3)c3ccc(Cl)cc23)CC1,1,1,0.787239625571655,O=C1NCCN1CCN1CCC(c2cn(C3CCCCC3)c3ccccc23)CC1
COC(=O)[C@@H]1[C@H]2CC[C@@H](C[C@H]1OC(=O)c1ccccc1)[NH+]2C,1,1,0.6705635672359467,O=C(OC1CC2CCC(C1)[NH2+]2)c1ccccc1
C[NH+]1[C@H]2CC[C@@H]1[C@@H](C(=O)[O-])[C@H](OC(=O)c1ccccc1)C2,0,0,0.26869195039294036,O=C(OC1CC2CCC(C1)[NH2+]2)c1ccccc1
CCOC(=O)[C@@H]1[C@@H](OC(=O)c2ccccc2)C[C@@H]2CC[C@H]1[NH+]2C,1,1,0.7179190192607164,O=C(OC1CC2CCC(C1)[NH2+]2)c1ccccc1
C[C@H](Cc1cc2c(c(C(N)=O)c1)N(CCCO)CC2)NCCOc1ccccc1OCC(F)(F)F,1,1,0.9242812758832226,c1ccc(OCCNCCc2ccc3c(c2)CCN3)cc1
CCCN[C@@H](C)C(=O)Nc1c(C)csc1C(=O)OC,0,0,0.3273517972198581,c1ccsc1
N#Cc1ccc(Cn2cncc2CC[NH2+][C@H]2CCN(c3ccccc3)C2=O)cc1,1,1,0.9295503700973811,O=C1C([NH2+]CCc2cncn2Cc2ccccc2)CCN1c1ccccc1
CC(CN1c2ccccc2CCc2ccccc21)C[NH+](C)C,1,1,0.961595874087467,c1ccc2c(c1)CCc1ccccc1N2
CN(C)CCCN1c2ccccc2CCc2ccc(Cl)cc21,1,1,0.9640561008669134,c1ccc2c(c1)CCc1ccccc1N2
C[NH+](C)CCCN1c2ccccc2CCc2ccccc21,1,1,0.948116428814009,c1ccc2c(c1)CCc1ccccc1N2
CN(C)CCCN1c2ccccc2CCc2ccccc21,1,1,0.9402616872306787,c1ccc2c(c1)CCc1ccccc1N2
C[NH2+]CCCN1c2ccccc2CCc2ccccc21,1,1,0.9346594093499156,c1ccc2c(c1)CCc1ccccc1N2
O=C1NC[C@@H](c2ccc(F)cc2)C12CCN(C1(c3ccc(F)cc3)CCCCC1)CC2,1,1,0.9519023585343994,O=C1NCC(c2ccccc2)C12CCN(C1(c3ccccc3)CCCCC1)CC2
CC(C)COC[C@@H](CN(Cc1ccccc1)c1ccccc1)[NH+]1CCCC1,1,1,0.9768320585027425,c1ccc(CN(CC[NH+]2CCCC2)c2ccccc2)cc1
COc1ccccc1OCC[NH2+]C[C@@H](O)COC1=CC=CC2=Nc3ccccc3[C@@H]12,1,1,0.908089207700404,C1=CC2=Nc3ccccc3C2C(OCCC[NH2+]CCOc2ccccc2)=C1
CC[C@](COC(=O)c1cc(OC)c(OC)c(OC)c1)(c1ccccc1)[NH+](C)C,0,1,0.7841718868681199,O=C(OCCc1ccccc1)c1ccccc1
CCCc1nc(C)c2c(=O)nc(-c3cc(S(=O)(=O)N4CC[NH+](CC)CC4)ccc3OCC)[nH]n12,1,1,0.8318945441056957,O=c1nc(-c2cccc(S(=O)(=O)N3CC[NH2+]CC3)c2)[nH]n2cncc12
CN(C(=O)Cc1ccc(CNS(C)(=O)=O)cc1)[C@@H](CN1CC[C@@H](O)C1)c1ccccc1,1,1,0.8578949046678909,O=C(Cc1ccccc1)NC(CN1CCCC1)c1ccccc1
COc1cc(N)c(Cl)cc1C(=O)N[C@@H]1CCN(CCCCCC(=O)O[C@@H]2CN3CCC2CC3)C[C@@H]1OC,1,1,0.9349381827260163,O=C(CCCCCN1CCC(NC(=O)c2ccccc2)CC1)OC1CN2CCC1CC2
N[C@H](Cc1nn[nH]n1)C(=O)O,0,0,0.013462249019981158,c1nn[nH]n1
NC(=O)C[C@@H](N)c1nn[nH]n1,0,0,0.015889585152478115,c1nn[nH]n1
C[NH+]1CC[NH+]([C@@H]2c3ccccc3Nc3ccc(Cl)cc3N2O)CC1,0,0,0.39090191573488303,c1ccc2c(c1)Nc1ccccc1C([NH+]1CC[NH2+]CC1)N2
Cc1cc2c(s1)=Nc1ccccc1NC=2N1CCNCC1,1,1,0.8373863786566368,c1ccc2c(c1)N=c1sccc1=C(N1CCNCC1)N2
CC(C)(C)OC(=O)N1CC[C@@H]2C[NH+](C[C@@H](O)COc3ccc(C#N)cc3)C[C@@H](C1)O2,1,1,0.8608931619892817,c1ccc(OCCC[NH+]2CC3CCNCC(C2)O3)cc1
COc1cccc([C@H](O)C2CCN(CCc3ccc(F)cc3)CC2)c1OC,1,1,0.9568428715453324,c1ccc(CCN2CCC(Cc3ccccc3)CC2)cc1
C[C@H]([C@H](O)c1ccc(O)cc1)N1CCC(Cc2ccccc2)CC1,1,1,0.8793521752944915,c1ccc(CCN2CCC(Cc3ccccc3)CC2)cc1
O[C@@H](CN1CCC(Cc2ccc(F)cc2)CC1)c1ccc(Cl)cc1,1,1,0.9570366816984931,c1ccc(CCN2CCC(Cc3ccccc3)CC2)cc1
CC(C)CN1C[C@@H]2CN(C(C)C)C[C@H](C1)C21CCCCC1,0,1,0.602122179439567,C1CCC2(CC1)C1CNCC2CNC1
C/C=C1\N(C)[C@H](C)CC1(c1ccccc1)c1ccccc1,0,1,0.6384585001931825,C=C1NCCC1(c1ccccc1)c1ccccc1
Nc1ccncc1,0,0,0.11368483547363922,c1ccncc1
Cc1ncc(CO)c(CO)c1O,0,0,0.06637084193941843,c1ccncc1
CCc1cc(C(N)=S)ccn1,0,0,0.05200967223140713,c1ccncc1
O[C@](CC[NH+]1CCCCC1)(c1ccccc1)[C@@H]1C[C@@H]2C=C[C@H]1C2,0,1,0.7341335295601914,C1=CC2CC1CC2C(CC[NH+]1CCCCC1)c1ccccc1
COc1cc2nc(N3CCN(C(=O)[C@H]4COc5ccccc5O4)CC3)nc(N)c2cc1OC,1,1,0.9201159983420315,O=C(C1COc2ccccc2O1)N1CCN(c2ncc3ccccc3n2)CC1
Nc1c2c(nc3ccccc13)CCCC2,0,0,0.3109832601108486,c1ccc2nc3c(cc2c1)CCCC3
CC[C@H]1OC(=O)[C@@H](C)[C@@H](O[C@H]2C[C@@](C)(OC)[C@@H](O)[C@H](C)O2)[C@H](C)[C@@H](O[C@@H]2O[C@H](C)C[C@H]([NH+](C)C)[C@@H]2O)[C@@](C)(O)C[C@@H](C)[C@H]([NH3+])[C@H](C)[C@@H](O)[C@]1(C)O,0,0,0.21055043425920955,O=C1CC(OC2CCCCO2)CC(OC2CCCCO2)CCCCCCCCO1
Fc1ccc2c([C@@H]3C[NH2+]CC[C@@H]3F)c(C3=CNC=CC3)[nH]c2c1,1,1,0.7391909098512056,C1=CNC=C(c2[nH]c3ccccc3c2C2CCC[NH2+]C2)C1
COc1ccc(C(C[NH+](C)C)C2(O)CCCCC2)cc1,1,1,0.7484408795448314,c1ccc(CC2CCCCC2)cc1
CN(C)C[C@@H](c1ccc(O)cc1)C1(O)CCCCC1,1,1,0.5736073297575128,c1ccc(CC2CCCCC2)cc1
CN(C)CC(c1ccc(O)cc1)C1(O)CCCCC1,0,1,0.5736073297575128,c1ccc(CC2CCCCC2)cc1
CC[NH+](CC)CC#CCOC(=O)[C@@](O)(c1ccccc1)C1CCCCC1,1,1,0.671592718801672,c1ccc(CC2CCCCC2)cc1
CC[NH+](CC)CC#CCOC(=O)C(O)(c1ccccc1)C1CCCCC1,1,1,0.671592718801672,c1ccc(CC2CCCCC2)cc1
CC(=O)Oc1ccc2c3c1O[C@H]1[C@@H](OC(C)=O)C=C[C@H]4[C@@H](C2)N(C)CC[C@@]341,0,1,0.6205939508884579,C1=CC2C3Cc4cccc5c4C2(CCN3)C(C1)O5
C[C@H](Cc1ccccc1)[NH2+]CCC(c1ccccc1)c1ccccc1,1,1,0.9471304039478847,c1ccc(CC[NH2+]CCC(c2ccccc2)c2ccccc2)cc1
CC(Cc1ccccc1)[NH2+]CCC(c1ccccc1)c1ccccc1,1,1,0.9471304039478847,c1ccc(CC[NH2+]CCC(c2ccccc2)c2ccccc2)cc1
O[C@@H](c1cc(C(F)(F)F)nc2c(C(F)(F)F)cccc12)[C@H]1CCCC[NH2+]1,1,1,0.8433921143898224,c1ccc2c(CC3CCCC[NH2+]3)ccnc2c1
COCCC[NH+]1CCC(NC(=O)c2cc(Cl)c(N)c3c2OCC3)CC1,1,1,0.7856327495321012,O=C(NC1CC[NH2+]CC1)c1cccc2c1OCC2
Fc1ccc(-n2cc(C3CC[NH+](CCN4CCNC4=S)CC3)c3cc(Cl)ccc32)cc1,1,1,0.9659279625956027,S=C1NCCN1CC[NH+]1CCC(c2cn(-c3ccccc3)c3ccccc23)CC1
O=C(CCC[NH+]1CCC(O)(c2ccc(Cl)cc2)CC1)c1ccc(F)cc1,1,1,0.8863317162855554,O=C(CCC[NH+]1CCC(c2ccccc2)CC1)c1ccccc1
CC(C)(O)[C@H]1C=CC([C@H](c2cc[n+](O)cc2)c2ccc(OC(F)F)c(OC3CCC3)c2)=CN1,1,1,0.6519197458933211,C1=CC(C(c2cc[nH+]cc2)c2cccc(OC3CCC3)c2)=CNC1
COc1ccccc1OCC(O)C[NH+]1CC[NH+](CC(=O)Nc2c(C)cccc2C)CC1,1,1,0.8140428086960166,O=C(C[NH+]1CC[NH+](CCCOc2ccccc2)CC1)Nc1ccccc1
COc1ccccc1OC[C@H](O)C[NH+]1CC[NH+](CC(=O)Nc2c(C)cccc2C)CC1,1,1,0.8140428086960166,O=C(C[NH+]1CC[NH+](CCCOc2ccccc2)CC1)Nc1ccccc1
C#CC[NH+](C)[C@H](C)Cc1ccccc1,0,0,0.2764243099311712,c1ccccc1
CCCCCCCN(CC)CCCCc1ccc([N+](=O)[O-])cc1,1,1,0.8012716608913059,c1ccccc1
CC(C)[NH2+]CC(O)c1ccc(NS(C)(=O)=O)cc1,0,0,0.3154991775387457,c1ccccc1
CC(C)(C)[NH2+]CC(O)c1cc(O)cc(O)c1,0,0,0.18462290340911053,c1ccccc1
O=P([O-])([O-])C(Sc1ccc(Cl)cc1)P(=O)([O-])[O-],0,0,0.020407375555866518,c1ccccc1
CCCCCCC[N+](CC)(CC)CCCCc1ccc(Cl)cc1,1,1,0.82474177411907,c1ccccc1
CCCCCCC[NH+](CC)CCC[C@@H](O)c1ccc(NS(C)(=O)=O)cc1,1,1,0.7720667574979855,c1ccccc1
CC[NH+](CC)CCNC(=O)c1ccc(NS(C)(=O)=O)cc1,0,1,0.5131729061665912,c1ccccc1
CCCCCCCCC(=O)NCc1ccc(C[C@@H](O)CO)c(OC)c1,1,1,0.7709098871043858,c1ccccc1
CC(C)[NH2+]C[C@H](O)c1ccc(NS(C)(=O)=O)cc1,0,0,0.3154991775387457,c1ccccc1
C[C@@H]([NH2+]C(C)(C)C)C(=O)c1cccc(Cl)c1,0,0,0.3705259768146479,c1ccccc1
CC(C)(C)NC[C@H](O)c1cc(Cl)c(N)c(Cl)c1,0,0,0.49729837578132896,c1ccccc1
Cc1cccc(C)c1OC[C@@H](C)[NH3+],1,0,0.4721146244426437,c1ccccc1
C[C@@H](CN(C)C)[C@](C)(O)Cc1ccc(Cl)cc1,1,1,0.6926879385042999,c1ccccc1
CC[NH+](CC)CCNC(=O)c1ccc(N)cc1,1,0,0.3702918364459037,c1ccccc1
CC[C@@H](c1cccc(O)c1)[C@@H](C)CN(C)C,1,1,0.5761296401095033,c1ccccc1
CCN(CC)CCNC(=O)c1ccc(N)cc1,0,0,0.4474125833352666,c1ccccc1
COCCc1ccc(OC[C@H](O)C[NH2+]C(C)C)cc1,0,1,0.5583685521027486,c1ccccc1
CCC(=O)NC(=O)c1ccc(N)cc1CC[NH+](CC)CC,1,1,0.7944348019883603,c1ccccc1
CCCS(=O)CCC[NH+](CC)C[C@@H](O)COc1ccc(C#N)cc1,1,1,0.8869131229325675,c1ccccc1
CCCS(=O)CCC[NH+](CC)CC(O)COc1ccc(C#N)cc1,1,1,0.8869131229325675,c1ccccc1
COCCCC/C(=N\OCC[NH3+])c1ccc(C(F)(F)F)cc1,1,1,0.9281504995250186,c1ccccc1
CCCCCCCCC(=O)NCc1ccc(CC(O)CO)c(OC)c1,1,1,0.7709098871043858,c1ccccc1
CCN(CC)CC(=O)Nc1c(C)cccc1C,0,1,0.517833930521429,c1ccccc1
COc1cc(CNC(=O)CCCC/C=C/C(C)C)ccc1O,1,1,0.6832170683805432,c1ccccc1
CC(C)(NC(=O)c1ccc(O)cc1)C(=O)O,0,0,0.060983270687427045,c1ccccc1
CNNCc1ccc(C(=O)NC(C)C)cc1,0,0,0.14324902940674167,c1ccccc1
CC(C)NC(=[NH2+])NC(=[NH2+])Nc1ccc(Cl)cc1,0,0,0.1223894314547053,c1ccccc1
C[NH2+][C@@H](C)[C@@H](O)c1cccc(O)c1,0,0,0.17674401601960613,c1ccccc1
CCN(C)C(=O)Oc1cccc([C@H](C)[NH+](C)C)c1,0,1,0.551243821401609,c1ccccc1
CC(C)[NH2+]C[C@@H](O)COc1ccc(CC(N)=O)cc1,0,0,0.32539532621645284,c1ccccc1
CC[NH+](CC)CCNC(=O)c1cc(Cl)c(N)cc1OC,1,1,0.628164295643855,c1ccccc1
COc1ccc(CNc2nnc(N3CCC4(CC3)CC(O)C4)c3ccc(C#N)cc23)cc1Cl,1,1,0.9739293731177323,c1ccc(CNc2nnc(N3CCC4(CCC4)CC3)c3ccccc23)cc1
Fc1ccc2c([C@@H]3C[NH2+]CC[C@@H]3F)c(-c3ccc4ccccc4c3)[nH]c2c1,1,1,0.9514558571913024,c1ccc2cc(-c3[nH]c4ccccc4c3C3CCC[NH2+]C3)ccc2c1
O=c1c(O)c(-c2ccc(O)cc2O)oc2cc(O)cc(O)c12,0,0,0.18550149132148297,O=c1cc(-c2ccccc2)oc2ccccc12
Cc1ccc(-c2cc(C(F)(F)F)nn2-c2ccc(S(N)(=O)=O)cc2)cc1,1,1,0.7711659526770369,c1ccc(-c2ccnn2-c2ccccc2)cc1
CCN(CC)Cc1ccc2c(c1)CC[C@H](N1CCN(CCc3ccc(F)cc3)CC1=O)C2,1,1,0.9636904203548985,O=C1CN(CCc2ccccc2)CCN1C1CCc2ccccc2C1
CN(C)C(=O)[C@@H](CO)N(C)Cc1ccc2c(c1)CC[C@H](N1CCN(CCc3ccc(F)cc3)CC1=O)C2,1,1,0.9408375291790877,O=C1CN(CCc2ccccc2)CCN1C1CCc2ccccc2C1
CCN(CC)Cc1ccc2c(c1)CC[C@H](N1CCN(CCc3cc(N)cc(C(F)(F)F)c3)CC1=O)C2,1,1,0.9577274937768288,O=C1CN(CCc2ccccc2)CCN1C1CCc2ccccc2C1
CCN(CC)Cc1ccc2c(c1)CC[C@H](N1CCN(CCc3ccc(Cl)cc3)CC1=O)C2,1,1,0.9564061145497762,O=C1CN(CCc2ccccc2)CCN1C1CCc2ccccc2C1
CC1=CN2C(N)=C(Cl)C=C(C(=O)NC[C@@H]3CCCN(CC(C)C)C3)[C@@H]2N1,1,1,0.9118354952225758,O=C(NCC1CCCNC1)C1=CC=CN2C=CNC12
Clc1ccc2c(c1)CCc1cccnc1C2=C1CC[NH2+]CC1,1,1,0.8369951783249899,c1ccc2c(c1)CCc1cccnc1C2=C1CC[NH2+]CC1
Cc1ccc(-n2[nH]c(C)c(N/N=C3/C=CC=C(c4cccc(C(=O)O)c4)C3=O)c2=O)cc1C,1,1,0.6072420211203496,O=C1C(c2ccccc2)=CC=CC1=NNc1c[nH]n(-c2ccccc2)c1=O
C[C@H]1CN(c2ncccc2F)CCN1/C(=N/C#N)Nc1ccc(C(C)(C)C)cc1,1,1,0.8694706929323709,N=C(Nc1ccccc1)N1CCN(c2ccccn2)CC1
C[NH+]1CC[NH+](CCCN2c3ccccc3Sc3ccc(C(F)(F)F)cc32)CC1,1,1,0.9667957090433326,c1ccc2c(c1)Sc1ccccc1N2CCC[NH+]1CC[NH2+]CC1
C[NH+]1CC[NH+](CCCN2c3ccccc3Sc3ccc(Cl)cc32)CC1,1,1,0.9572313653006014,c1ccc2c(c1)Sc1ccccc1N2CCC[NH+]1CC[NH2+]CC1
OCC[NH+]1CC[NH+](CCCN2c3ccccc3Sc3ccc(Cl)cc32)CC1,1,1,0.9436754765509686,c1ccc2c(c1)Sc1ccccc1N2CCC[NH+]1CC[NH2+]CC1
Clc1ccccc1C(c1ccccc1)(c1ccccc1)n1ccnc1,1,1,0.9447061026355746,c1ccc(C(c2ccccc2)(c2ccccc2)n2ccnc2)cc1
O=C(c1ccc(F)cc1)c1ccc(F)cc1,0,0,0.25873471477184107,O=C(c1ccccc1)c1ccccc1
O=C(c1ccccc1F)c1ccccc1F,0,0,0.2559467159607921,O=C(c1ccccc1)c1ccccc1
Cc1ccc(C(=O)c2cc(O)c([O-])c([N+](=O)[O-])c2)cc1,0,0,0.09160410602510086,O=C(c1ccccc1)c1ccccc1
CC(C)(C)c1ccc([C@@H](O)CCC[NH+]2CCC(C(O)(c3ccccc3)c3ccccc3)CC2)cc1,1,1,0.9479352288673778,c1ccc(CCCC[NH+]2CCC(C(c3ccccc3)c3ccccc3)CC2)cc1
CC(C)(O)c1ccc([C@H](O)CCC[NH+]2CCC(C(O)(c3ccccc3)c3ccccc3)CC2)cc1,0,1,0.8549232755314538,c1ccc(CCCC[NH+]2CCC(C(c3ccccc3)c3ccccc3)CC2)cc1
CC[NH+](CC)CCCN(c1ccccc1)C1Cc2ccccc2C1,1,1,0.9831113417223546,c1ccc(NC2Cc3ccccc3C2)cc1
CC(C)(C)c1ccc(C(=O)CCC[NH+]2CCC(OC(c3ccccc3)c3ccccc3)CC2)cc1,1,1,0.9513214810505276,O=C(CCC[NH+]1CCC(OC(c2ccccc2)c2ccccc2)CC1)c1ccccc1
CC[C@@H]1OC(=O)[C@@H](C)[C@H](O[C@H]2C[C@@](C)(OC)[C@@H](O)[C@H](C)O2)[C@H](C)[C@@H](O[C@@H]2O[C@H](C)C[C@@H]([NH+](C)C)[C@@H]2O)[C@@](C)(OC)C[C@@H](C)C(=O)[C@@H](C)[C@@H](O)[C@]1(C)O,0,0,0.1996259241866173,O=C1CCCCOC(=O)CC(OC2CCCCO2)CC(OC2CCCCO2)CCC1
CC[C@H]1OC(=O)[C@H](C)[C@H](O[C@H]2C[C@](C)(OC)[C@H](O)[C@@H](C)O2)[C@@H](C)[C@@H](O[C@H]2O[C@H](C)C[C@@H]([NH+](C)C)[C@H]2O)[C@](C)(O)C[C@@H](C)C(=O)[C@H](C)[C@@H](O)[C@@]1(C)O,0,0,0.1543617028415089,O=C1CCCCOC(=O)CC(OC2CCCCO2)CC(OC2CCCCO2)CCC1
CC[C@H]1OC(=O)[C@@H](C)[C@@H](O[C@H]2C[C@@](C)(OC)[C@@H](O)[C@H](C)O2)[C@H](C)[C@@H](O[C@@H]2O[C@H](C)C[C@H]([NH2+]C)[C@@H]2O)[C@](C)(O)C[C@@H](C)C(=O)[C@H](C)[C@@H](O)[C@]1(C)O,0,0,0.15998654989263694,O=C1CCCCOC(=O)CC(OC2CCCCO2)CC(OC2CCCCO2)CCC1
CC[C@H]1OC(=O)[C@H](C)[C@H](O[C@H]2C[C@@](C)(O)[C@H](O)[C@@H](C)O2)[C@@H](C)[C@H](O[C@H]2O[C@H](C)C[C@@H]([NH+](C)C)[C@H]2O)[C@](C)(O)C[C@@H](C)C(=O)[C@H](C)[C@@H](O)[C@@]1(C)O,0,0,0.14327118143044332,O=C1CCCCOC(=O)CC(OC2CCCCO2)CC(OC2CCCCO2)CCC1
CC[C@H]1OC(=O)[C@H](C)[C@@H](O[C@H]2C[C@@](C)(O)[C@@H](O)[C@H](C)O2)[C@H](C)[C@@H](O[C@@H]2O[C@H](C)C[C@H](N(C)C)[C@H]2O)[C@](C)(O)C[C@@H](C)C(=O)[C@H](C)[C@@H](O)[C@]1(C)O,0,0,0.18817965960653266,O=C1CCCCOC(=O)CC(OC2CCCCO2)CC(OC2CCCCO2)CCC1
O=C([O-])COCC[NH+]1CC[NH+]([C@H](c2ccccc2)c2ccc(Cl)cc2)CC1,1,1,0.6419844788088173,c1ccc(C(c2ccccc2)[NH+]2CC[NH2+]CC2)cc1
COc1cc(NS(C)(=O)=O)ccc1Nc1c2ccccc2nc2ccccc12,1,1,0.8699260695853153,c1ccc(Nc2c3ccccc3nc3ccccc23)cc1
c1ccc(-c2[nH]c3ccccc3c2C2CC[NH2+]CC2)cc1,1,1,0.8464197483787466,c1ccc(-c2[nH]c3ccccc3c2C2CC[NH2+]CC2)cc1
CC(C)Oc1cc([C@H](C2=CN[C@H](C(O)(C(F)(F)F)C(F)(F)F)S2)c2ccc[n+]([O-])c2)ccc1OC(F)F,1,1,0.8570212144214734,C1=C(C(c2ccccc2)c2ccc[nH+]c2)SCN1
CC(C)Oc1cc([C@@H](C2=CN[C@@H](C(O)(C(F)(F)F)C(F)(F)F)S2)c2ccc[n+]([O-])c2)ccc1OC(F)F,1,1,0.8570212144214734,C1=C(C(c2ccccc2)c2ccc[nH+]c2)SCN1
COc1ccc(C(=O)N2CCN(c3ccc4c(c3)CCC(=O)N4)CC2)cc1OC,1,1,0.9390661927777352,O=C1CCc2cc(N3CCN(C(=O)c4ccccc4)CC3)ccc2N1
C1CCC(C(C[C@@H]2CCCC[NH2+]2)C2CCCCC2)CC1,1,1,0.7975646717012337,C1CCC(C(CC2CCCC[NH2+]2)C2CCCCC2)CC1
C1CCC(C(C[C@H]2CCCC[NH2+]2)C2CCCCC2)CC1,1,1,0.7975646717012337,C1CCC(C(CC2CCCC[NH2+]2)C2CCCCC2)CC1
C[C@H]1COc2c(N3CC[NH+](C)CC3)c(F)cc3c(=O)c(C(=O)[O-])cn1c23,0,0,0.2850630165381978,O=c1ccn2c3c(c(N4CC[NH2+]CC4)ccc13)OCC2
C[C@@H]1COc2c(N3CC[NH+](C)CC3)c(F)cc3c(=O)c(C(=O)[O-])cn1c23,0,0,0.2850630165381978,O=c1ccn2c3c(c(N4CC[NH2+]CC4)ccc13)OCC2
Cc1c(F)c(N2CC[NH2+][C@H](C)C2)cc2c1C(=O)[C@H](C(=O)[O-])C=[N+]2C1CC1,0,0,0.23095193344203255,O=C1CC=[N+](C2CC2)c2cc(N3CC[NH2+]CC3)ccc21
C[C@@H]1CN(c2c(F)c(N)c3c(c2F)[N+](C2CC2)=C[C@@H](C(=O)[O-])C3=O)C[C@H](C)[NH2+]1,1,0,0.37255160232069773,O=C1CC=[N+](C2CC2)c2cc(N3CC[NH2+]CC3)ccc21
COc1c(N2CC[NH2+][C@H](C)C2)c(F)cc2c1[N+](C1CC1)=C[C@@H](C(=O)[O-])C2=O,0,0,0.3335693613625225,O=C1CC=[N+](C2CC2)c2cc(N3CC[NH2+]CC3)ccc21
CCCN(CCC)CCc1cccc2c1CC(=O)N2,1,1,0.6737304046082074,O=C1Cc2ccccc2N1
CCC[NH+](CCC)CCc1cccc2c1CC(=O)N2,0,1,0.5500737942863777,O=C1Cc2ccccc2N1
c1ccc(C[NH+]2CCC[C@H](c3c(-c4ccccc4)[nH]c4ccccc34)C2)cc1,1,1,0.9584940151307806,c1ccc(C[NH+]2CCCC(c3c(-c4ccccc4)[nH]c4ccccc34)C2)cc1
CN1CCN(CCCN(C(=O)Nc2ccc(F)c(C(F)(F)F)c2)[C@@H]2C[C@@H](c3ccc4c(c3)[C@H](N)NO4)[C@@H]3C[C@H]32)CC1,1,1,0.9406945642022493,O=C(Nc1ccccc1)N(CCCN1CCNCC1)C1CC(c2ccc3c(c2)CNO3)C2CC21
O=C(O)CSc1n[nH]c(=O)[nH]c1=O,0,0,0.025300299701720295,O=c1cn[nH]c(=O)[nH]1
CCOC(=O)C1=C[C@]2(CC)CCC[NH+]3CCc4c(n1c1ccccc41)[C@H]32,1,1,0.8427753299546313,C1=Cn2c3c(c4ccccc42)CC[NH+]2CCCC1C32
CCOC(=O)C1=C[C@]2(CC)CCC[NH+]3CCc4c(n1c1ccccc41)[C@@H]32,1,1,0.8427753299546313,C1=Cn2c3c(c4ccccc42)CC[NH+]2CCCC1C32
O=C1CN(CCc2ccc(F)cc2)CCN1[C@H]1CCc2cc(CN3CCCCC3)ccc2C1,1,1,0.9517244598611834,O=C1CN(CCc2ccccc2)CCN1C1CCc2cc(CN3CCCCC3)ccc2C1
O=C1CN(CCc2ccc(F)cc2)CCN1[C@H]1CCc2cc(CN3CCC(C(F)(F)F)CC3)ccc2C1,1,1,0.9687978504560275,O=C1CN(CCc2ccccc2)CCN1C1CCc2cc(CN3CCCCC3)ccc2C1
OC(c1ccc(F)cc1)c1ccc(F)cc1,0,1,0.5525790176601951,c1ccc(Cc2ccccc2)cc1
CC[C@H](OC(C)=O)C(C[C@H](C)N(C)C)(c1ccccc1)c1ccccc1,1,1,0.9249911042240843,c1ccc(Cc2ccccc2)cc1
C[C@H](CC(c1ccccc1)c1ccccc1)[NH2+]C(C)(C)C,1,1,0.9074741678426365,c1ccc(Cc2ccccc2)cc1
CN(C)CCOC(c1ccccc1)c1ccccc1,1,1,0.8554229608180035,c1ccc(Cc2ccccc2)cc1
CC[C@@H](O)C(C[C@@H](C)NC)(c1ccccc1)c1ccccc1,1,1,0.8916593001252822,c1ccc(Cc2ccccc2)cc1
C[NH+](C)CCOC(c1ccccc1)c1ccccc1,1,1,0.7949140675388694,c1ccc(Cc2ccccc2)cc1
Cc1ccc(O)c([C@@H](CCN(C(C)C)C(C)C)c2ccccc2)c1,1,1,0.927673672903041,c1ccc(Cc2ccccc2)cc1
CCC(=O)C(C[C@@H](C)[NH+](C)C)(c1ccccc1)c1ccccc1,1,1,0.8343423623502256,c1ccc(Cc2ccccc2)cc1
Cc1ccc(O)c([C@H](CC[NH+](C(C)C)C(C)C)c2ccccc2)c1,1,1,0.8991756865324625,c1ccc(Cc2ccccc2)cc1
CC(CC(c1ccccc1)c1ccccc1)[NH2+]C(C)(C)C,1,1,0.9074741678426365,c1ccc(Cc2ccccc2)cc1
Cc1ccccc1[C@H](OCC[NH+](C)C)c1ccccc1,1,1,0.8534714084422347,c1ccc(Cc2ccccc2)cc1
CC[C@@H](OC(C)=O)C(C[C@@H](C)[NH+](C)C)(c1ccccc1)c1ccccc1,1,1,0.9051058711204316,c1ccc(Cc2ccccc2)cc1
O=C([O-])C1=C[N+](C2CC2)=C2C=C(N3CC[NH2+]CC3)C(F)=C[C@H]2C1=O,0,0,0.10424983990593598,O=C1C=C[N+](C2CC2)=C2C=C(N3CC[NH2+]CC3)C=CC12
COc1ccc([C@@H]2Sc3ccccc3N(CC[NH+](C)C)C(=O)[C@@H]2OC(C)=O)cc1,1,1,0.8584729167413585,O=C1CC(c2ccccc2)Sc2ccccc2N1
COc1cc2c(cc1OC)[C@@H](Cc1ccc(Oc3cc(C[C@@H]4c5cc(OC)c(OC)cc5CCN4C)ccc3O)cc1)N(C)CC2,1,1,0.9864006645991197,c1cc(CC2NCCc3ccccc32)cc(Oc2ccc(CC3NCCc4ccccc43)cc2)c1
COc1ccccc1OCCNC[C@@H](O)COc1cccc2[nH]c3ccccc3c12,1,1,0.9271203221542427,c1ccc(OCCNCCCOc2cccc3[nH]c4ccccc4c23)cc1
Cc1c(O)cccc1C(=O)N[C@@H](CSc1ccccc1)[C@H](O)C[NH+]1C[C@H]2CCCC[C@H]2C[C@H]1C(=O)NC(C)(C)C,1,1,0.851302745402078,O=C(NC(CC[NH+]1CCC2CCCCC2C1)CSc1ccccc1)c1ccccc1
COc1cc(Cc2cnc(N)nc2N)cc(OC)c1OC,0,1,0.6124274481847718,c1ccc(Cc2cncnc2)cc1
N#Cc1ccc(Cn2cncc2C[NH2+][C@H]2CCN(c3ccncc3)C2=O)cc1,1,1,0.897522859273022,O=C1C([NH2+]Cc2cncn2Cc2ccccc2)CCN1c1ccncc1
CC(C)[NH2+]CC(O)COc1cccc2ccccc12,1,1,0.7365521375930699,c1ccc2ccccc2c1
CC(C)[NH2+]C[C@@H](O)COc1cccc2ccccc12,1,1,0.7365521375930699,c1ccc2ccccc2c1
O[C@H](CCCN1CCC(O)(c2ccc(Cl)cc2)CC1)c1ccc(F)cc1,1,1,0.9433696333375979,c1ccc(CCCCN2CCC(c3ccccc3)CC2)cc1
O=C1NCCN1CC[NH+]1CC=C(c2cn(-c3ccc(F)cc3)c3ccc(Cl)cc23)CC1,1,1,0.8405113738785337,O=C1NCCN1CC[NH+]1CC=C(c2cn(-c3ccccc3)c3ccccc23)CC1
O=C(NC1CCN(Cc2ccc3c(c2)OCO3)CC1)c1cc(=O)c2cc(Cl)c(Cl)cc2o1,1,1,0.9167746902810544,O=C(NC1CCN(Cc2ccc3c(c2)OCO3)CC1)c1cc(=O)c2ccccc2o1
O=C(NC1CCN(Cc2ccc3c(c2)OCO3)CC1)c1cc(=O)c2ccc(OC(F)F)cc2o1,1,1,0.925919659040302,O=C(NC1CCN(Cc2ccc3c(c2)OCO3)CC1)c1cc(=O)c2ccccc2o1
O=C(NC1CCN(Cc2ccc3c(c2)OCO3)CC1)c1cc(=O)c2ccc(Cl)cc2o1,1,1,0.9055273109897857,O=C(NC1CCN(Cc2ccc3c(c2)OCO3)CC1)c1cc(=O)c2ccccc2o1
O=C(NC1CCN(Cc2ccc3c(c2)OC(F)(F)O3)CC1)c1cc(=O)c2ccc(F)cc2o1,1,1,0.9271279778426716,O=C(NC1CCN(Cc2ccc3c(c2)OCO3)CC1)c1cc(=O)c2ccccc2o1
O=C(NC1CCN(Cc2ccc3c(c2)OCO3)CC1)c1cc(=O)c2ccc(F)cc2o1,1,1,0.9175735590730012,O=C(NC1CCN(Cc2ccc3c(c2)OCO3)CC1)c1cc(=O)c2ccccc2o1
O=C(NC1CCN(Cc2ccc3c(c2)OCO3)CC1)c1cc(=O)c2cc(F)c(Cl)cc2o1,1,1,0.9304887501859637,O=C(NC1CCN(Cc2ccc3c(c2)OCO3)CC1)c1cc(=O)c2ccccc2o1
COc1cc2oc(C(=O)NC3CCN(Cc4ccc5c(c4)OCO5)CC3)cc(=O)c2cc1F,1,1,0.9165396077744024,O=C(NC1CCN(Cc2ccc3c(c2)OCO3)CC1)c1cc(=O)c2ccccc2o1
O=C(NC1CCN(Cc2ccc3c(c2)OCO3)CC1)c1cc(=O)c2ccc(Br)cc2o1,1,1,0.9630489481249876,O=C(NC1CCN(Cc2ccc3c(c2)OCO3)CC1)c1cc(=O)c2ccccc2o1
O=C(NC1CCN(Cc2ccc3c(c2)OCO3)CC1)c1cc(=O)c2cc(F)ccc2o1,1,1,0.918310730599807,O=C(NC1CCN(Cc2ccc3c(c2)OCO3)CC1)c1cc(=O)c2ccccc2o1
COc1ccc2c(=O)cc(C(=O)NC3CCN(Cc4ccc5c(c4)OCO5)CC3)oc2c1,1,1,0.8871309557411707,O=C(NC1CCN(Cc2ccc3c(c2)OCO3)CC1)c1cc(=O)c2ccccc2o1
O=C(NC1CCN(Cc2ccc3c(c2)OCO3)CC1)c1cc(=O)c2ccc(O)cc2o1,0,1,0.6669456060390995,O=C(NC1CCN(Cc2ccc3c(c2)OCO3)CC1)c1cc(=O)c2ccccc2o1
O=C(NC1CCN(Cc2ccc3c(c2)OCO3)CC1)c1cc(=O)c2ccccc2o1,1,1,0.8947289368853049,O=C(NC1CCN(Cc2ccc3c(c2)OCO3)CC1)c1cc(=O)c2ccccc2o1
O=C(NC1CCN(Cc2cc3c(cc2Cl)OCO3)CC1)c1cc(=O)c2ccc(F)cc2o1,1,1,0.9279314571530866,O=C(NC1CCN(Cc2ccc3c(c2)OCO3)CC1)c1cc(=O)c2ccccc2o1
N#Cc1ccc2c(=O)cc(C(=O)NC3CCN(Cc4ccc5c(c4)OCO5)CC3)oc2c1,1,1,0.8969177827980992,O=C(NC1CCN(Cc2ccc3c(c2)OCO3)CC1)c1cc(=O)c2ccccc2o1
CCc1ccc2c(=O)cc(C(=O)NC3CCN(Cc4ccc5c(c4)OCO5)CC3)oc2c1,1,1,0.9058075817160476,O=C(NC1CCN(Cc2ccc3c(c2)OCO3)CC1)c1cc(=O)c2ccccc2o1
COc1cc2c(Oc3ccc4[nH]c(C)c(C)c4c3)ncnc2cc1OCCN1CCN(CC(C)=O)CC1,1,1,0.9779438417945459,c1nc(Oc2ccc3[nH]ccc3c2)c2ccc(OCCN3CCNCC3)cc2n1
O=C1NCCN1CCN1CCC(c2cn(-c3ccc(F)cc3)c3ccccc23)CC1,1,1,0.8735055622873582,O=C1NCCN1CCN1CCC(c2cn(-c3ccccc3)c3ccccc23)CC1
COC(=O)c1ccc(-n2cc(C3CCN(CCN4CCNC4=O)CC3)c3cc(Cl)ccc32)cc1,1,1,0.8587170997045879,O=C1NCCN1CCN1CCC(c2cn(-c3ccccc3)c3ccccc23)CC1
O=C(O)Cc1ccc(-n2cc(C3CCN(CCN4CCNC4=O)CC3)c3cc(Cl)ccc32)cc1,1,1,0.5970471551601546,O=C1NCCN1CCN1CCC(c2cn(-c3ccccc3)c3ccccc23)CC1
O=C1NCCN1CCN1CCC(c2cn(-c3ccccc3)c3ccc(Cl)cc23)CC1,1,1,0.8381050007175759,O=C1NCCN1CCN1CCC(c2cn(-c3ccccc3)c3ccccc23)CC1
O=C1NCCN1CCN1CCC(c2cn(-c3ccc(F)cc3)c3ccc(Cl)cc23)CC1,1,1,0.8880169104147385,O=C1NCCN1CCN1CCC(c2cn(-c3ccccc3)c3ccccc23)CC1
O=C(O)c1ccc(-n2cc(C3CCN(CCN4CCNC4=O)CC3)c3cc(Cl)ccc32)cc1,0,1,0.5613509123448548,O=C1NCCN1CCN1CCC(c2cn(-c3ccccc3)c3ccccc23)CC1
COC(=O)Cc1ccc(-n2cc(C3CCN(CCN4CCNC4=O)CC3)c3cc(Cl)ccc32)cc1,1,1,0.8585655132269907,O=C1NCCN1CCN1CCC(c2cn(-c3ccccc3)c3ccccc23)CC1
O=C(O)CNC(=O)[C@@H]1NC(C(F)(F)F)(C(F)(F)F)OC1(C(F)(F)F)C(F)(F)F,0,0,0.26083563601113374,C1COCN1
COc1cc2c(Nc3ccc(Br)cc3F)ncnc2cc1OCC1CCN(C(=O)CN(C)C)CC1,1,1,0.9951636852195267,c1ccc(Nc2ncnc3cc(OCC4CCNCC4)ccc23)cc1
O=C(O)CCC(O)=C1S(=O)(=O)OCCOS1(=O)=O,0,0,0.010055903619868545,C=C1S(=O)(=O)OCCOS1(=O)=O
CCOC(=O)N1CCC(=C2c3ccc(Cl)cc3CCc3cccnc32)CC1,1,1,0.886086590429358,c1ccc2c(c1)CCc1cccnc1C2=C1CCNCC1
N#Cc1ccc(C(c2ccc(C#N)cc2)n2cncn2)cc1,0,0,0.10153157494785746,c1ccc(C(c2ccccc2)n2cncn2)cc1
C[NH2+][C@H]1CC[C@@H](c2ccc(Cl)c(Cl)c2)c2ccccc21,1,1,0.9046958718575057,c1ccc(C2CCCc3ccccc32)cc1
N[C@@H](C(=O)O)[C@@H](N)C(=O)O,0,0,0.007468816069428149,
NC(N)=NC[C@@H](N)C(=O)O,0,0,0.015512688672764946,
N[C@H](CNO)C(=O)O,0,0,0.007432479622441733,
NC(=O)CS(=O)C[C@H](N)C(=O)O,0,0,0.03143021132271764,
NC[C@@H](O)CSP(=O)(O)O,0,0,0.0018781388808438032,
N/C(CC/C(N)=N/O)=N\O,0,0,0.01896136634773638,
N[C@H](CCCCO)C(=O)O,0,0,0.030325279509222466,
O=C(O)CN(CCN(CC(=O)O)CC(=O)O)CC(=O)O,0,0,0.05134830793305201,
NCCNC(=S)S,0,0,0.011027950107957837,
O=C(O)CCNCC(=O)O,0,0,0.026423709366187577,
CC(C)(O)C(Cl)(Cl)Cl,1,1,0.5168408848593016,
NCCNC[C@@H](O)CO,0,0,0.08497776446327471,
NCCSCCC(=O)O,0,0,0.0802513423562771,
NCCSS(=O)(=O)CCN,0,0,0.007237581419083547,
C#CCOCCCC(=O)O,0,0,0.037316211979962675,
[N-]=[N+]=NCC(N)=O,0,0,0.026803005340619086,
NC(=O)C[C@@H](N)C(N)=O,0,0,0.0362227217314893,
OCCOCCN1CCN([C@H](c2ccccc2)c2ccc(Cl)cc2)CC1,1,1,0.930438370919884,c1ccc(C(c2ccccc2)N2CCNCC2)cc1
Fc1ccc(C(c2ccc(F)cc2)N2CCNCC2)cc1,1,1,0.9174388446693262,c1ccc(C(c2ccccc2)N2CCNCC2)cc1
O=C1NCCN1CCN1CC=C(c2cn(-c3ccc(F)cc3)c3ccc(Cl)cc23)CC1,1,1,0.887242661773813,O=C1NCCN1CCN1CC=C(c2cn(-c3ccccc3)c3ccccc23)CC1
COc1ccc(CC[NH+](C)CCCNc2c(Cl)cn[nH]c2=O)cc1OC,1,1,0.9278260249118605,O=c1[nH]nccc1NCCC[NH2+]CCc1ccccc1
C[NH+]1CCC[C@@H]1c1cccnc1,0,0,0.315820159492904,c1cncc(C2CCC[NH2+]2)c1
COc1ccc(C2CCN(CC[C@H]3CCOc4ccccc43)CC2)cc1OC,1,1,0.9405288754375924,c1ccc(C2CCN(CCC3CCOc4ccccc43)CC2)cc1
O=C1c2cccc3c2[C@@H](CCC3)CN1[C@@H]1CN2CCC1CC2,0,1,0.6292151885032654,O=C1c2cccc3c2C(CCC3)CN1C1CN2CCC1CC2
Fc1ccc(-n2cc(C3CCN(CCN4CCNC4=S)CC3)c3ccccc32)cc1,1,1,0.9674889989274871,S=C1NCCN1CCN1CCC(c2cn(-c3ccccc3)c3ccccc23)CC1
Cn1c(=O)c2nc[nH]c2n(C)c1=O,0,0,0.3269427534823196,O=c1[nH]c(=O)c2nc[nH]c2[nH]1
Cc1nnc2n1-c1ccc(Cl)cc1C(c1ccccc1Cl)=NC2,0,0,0.37038148495442097,c1ccc(C2=NCc3nncn3-c3ccccc32)cc1
CC[C@H]1[C@H]2C[C@H]3[C@@H]4N(C)c5ccccc5[C@]45C[C@@H]([C@H]2[C@H]5O)N3[C@@H]1O,1,1,0.9387871906573609,c1ccc2c(c1)NC1C3CC4CCN3C3CC21CC43
COc1cc2c(cc1OC)C(=O)[C@@H](CC1CC[NH+](Cc3ccccc3)CC1)C2,1,1,0.9569656749626246,O=C1c2ccccc2CC1CC1CC[NH+](Cc2ccccc2)CC1
CC[C@@](O)(C(=O)O)c1cc2n(c(=O)c1CO)Cc1cc3ccccc3nc1-2,0,0,0.22610747746406254,O=c1cccc2n1Cc1cc3ccccc3nc1-2
Nc1ccc(C(=O)N2C[C@H]3C[C@@H](C2)C[NH+](Cc2ccccc2)C3)cc1,1,1,0.8800374132385599,O=C(c1ccccc1)N1CC2CC(C1)C[NH+](Cc1ccccc1)C2
CS(=O)(=O)Nc1ccc2c(c1)C(=O)CC1(CCN(CCc3ccc4nonc4c3)CC1)O2,1,1,0.7037750367565969,O=C1CC2(CCN(CCc3ccc4nonc4c3)CC2)Oc2ccccc21
C[C@@](O)(c1ccccc1)[C@H]1C=CC([C@H](c2cc[n+](O)cc2)c2ccc(OC(F)F)c(OC(F)F)c2)=CN1,1,1,0.8116014142534353,C1=CC(Cc2ccccc2)NC=C1C(c1ccccc1)c1cc[nH+]cc1
CCC(=O)N(c1ccccc1)C1(COC)CC[NH+](CCc2cccs2)CC1,1,1,0.8617425238854485,c1ccc(NC2CC[NH+](CCc3cccs3)CC2)cc1
O=C1NCCN1CCN1CCC([C@@H]2CN(c3ccc(F)cc3)c3ccccc32)CC1,1,1,0.8686412226371777,O=C1NCCN1CCN1CCC(C2CN(c3ccccc3)c3ccccc32)CC1
CC(C)(Cc1ccc2ccccc2c1)NC[C@@H](O)COc1cccc(Cl)c1C#N,1,1,0.9646127062171804,c1ccc(OCCCNCCc2ccc3ccccc3c2)cc1
COc1ccc(CNC(=O)c2cc3cc(Cl)ccc3o2)c(OC)c1,1,1,0.8883570087974142,O=C(NCc1ccccc1)c1cc2ccccc2o1
Clc1ccc2nsnc2c1NC1=[NH+]CCN1,0,0,0.08654654164037777,c1cc(NC2=[NH+]CCN2)c2nsnc2c1
CC(C)(C#N)c1cc(Cn2cncn2)cc(C(C)(C)C#N)c1,0,0,0.16183361249721998,c1ccc(Cn2cncn2)cc1
NC(=O)N1c2ccccc2C=Cc2ccccc21,0,0,0.34230421415024453,C1=Cc2ccccc2Nc2ccccc21
CNS(=O)(=O)Cc1ccc2c(c1)C(CC[NH+](C)C)C=N2,0,0,0.43497964612618145,C1=Nc2ccccc2C1
CC[NH+](CC)CCC[C@@H](C)Nc1ccnc2cc(Cl)ccc12,1,1,0.850522235735654,c1ccc2ncccc2c1
COc1cc(N[C@H](C)CCCN)c2ncccc2c1,1,1,0.5856773947308501,c1ccc2ncccc2c1
CS(=O)(=O)c1ccc(C2=C(c3ccccc3)C(=O)OC2)cc1,0,0,0.34027432342899894,O=C1OCC(c2ccccc2)=C1c1ccccc1
Cc1ccc(-c2nc(NC(=O)CC3CCN(C)CC3)cc(-n3nccc3C)n2)o1,1,1,0.9251492345155561,O=C(CC1CCNCC1)Nc1cc(-n2cccn2)nc(-c2ccco2)n1
Cc1nc(Nc2ncc(C(=O)Nc3c(C)cccc3Cl)s2)cc(N2CCN(CCO)CC2)n1,1,1,0.9330468710740674,O=C(Nc1ccccc1)c1cnc(Nc2cc(N3CCNCC3)ncn2)s1
O=C1CN(CCc2ccc(F)cc2)CCN1[C@H]1CCc2cc(Cn3ccnc3)ccc2C1,1,1,0.9642509058196462,O=C1CN(CCc2ccccc2)CCN1C1CCc2cc(Cn3ccnc3)ccc2C1
N#Cc1ccc(Cn2cncc2C[NH+](Cc2cccnc2)[C@H]2CCN(Cc3ccccc3)C2=O)cc1,1,1,0.9364939898287808,O=C1C([NH+](Cc2cccnc2)Cc2cncn2Cc2ccccc2)CCN1Cc1ccccc1
Cc1nc[nH]c1CN1CCc2c(c3ccccc3n2C)C1=O,1,1,0.7989880418219343,O=C1c2c([nH]c3ccccc23)CCN1Cc1cnc[nH]1
COc1cc(N)c(Cl)cc1C(=O)N[C@@H]1CCN(CCCOc2ccc(F)cc2)C[C@@H]1OC,1,1,0.9448668774416598,O=C(NC1CCN(CCCOc2ccccc2)CC1)c1ccccc1
O=c1[nH]c(SCc2c(Cl)c(Cl)c(Cl)c(Cl)c2Cl)nc(=S)[nH]1,0,0,0.09257831920571999,O=c1[nH]c(SCc2ccccc2)nc(=S)[nH]1
C[C@H]1Sc2c(C(=O)O)c(=O)c3cc(F)c(N4CCNCC4)cc3n21,0,0,0.2945423779331692,O=c1cc2n(c3cc(N4CCNCC4)ccc13)CS2
COc1ccc(C[NH2+]C[C@@H](O)COc2ccc3[nH]c(=O)ccc3c2)cc1OC,1,1,0.879155045359326,O=c1ccc2cc(OCCC[NH2+]Cc3ccccc3)ccc2[nH]1
COc1ccc(C[NH2+]CC(O)COc2ccc3[nH]c(=O)ccc3c2)cc1OC,1,1,0.879155045359326,O=c1ccc2cc(OCCC[NH2+]Cc3ccccc3)ccc2[nH]1
Cc1ccc(OC[C@H](O)[C@H](C)NC(C)C)c2c1CCC2,1,1,0.8676674181033531,c1ccc2c(c1)CCC2
c1ccc(CC[NH+]2CCC[C@H](c3c(-c4ccccc4)[nH]c4ccccc34)C2)cc1,1,1,0.9651187526301176,c1ccc(CC[NH+]2CCCC(c3c(-c4ccccc4)[nH]c4ccccc34)C2)cc1
O=C([O-])CCc1nc(-c2ccccc2)c(-c2ccccc2)o1,0,0,0.06403241352072829,c1ccc(-c2ncoc2-c2ccccc2)cc1
N#Cc1ccc(Cn2cncc2C[NH2+][C@H]2CCN(c3cccc4ncccc34)C2=O)cc1,1,1,0.8749846959508939,O=C1C([NH2+]Cc2cncn2Cc2ccccc2)CCN1c1cccc2ncccc12
Cc1nnc(C(C)C)n1C1C[C@H]2CC[C@@H](C1)N2CC[C@H](NC(=O)C1CCC(F)(F)CC1)c1ccccc1,0,1,0.7122828632787525,O=C(NC(CCN1C2CCC1CC(n1cnnc1)C2)c1ccccc1)C1CCCCC1
N#Cc1ccc(Cn2cncc2C[NH2+][C@@H]2CCN(Cc3cccc(Cl)c3)C2=O)cc1,1,1,0.9292019622389531,O=C1C([NH2+]Cc2cncn2Cc2ccccc2)CCN1Cc1ccccc1
N#Cc1ccc(Cn2cncc2C[NH+](CCC[NH3+])[C@@H]2CCN(Cc3cccc(Cl)c3)C2=O)cc1,1,1,0.9211591336460673,O=C1C([NH2+]Cc2cncn2Cc2ccccc2)CCN1Cc1ccccc1
CC(C)(C)OC(=O)NCCC[NH+](Cc1cncn1Cc1ccc(C#N)cc1)[C@@H]1CCN(Cc2cccc(Cl)c2)C1=O,1,1,0.9750286169856469,O=C1C([NH2+]Cc2cncn2Cc2ccccc2)CCN1Cc1ccccc1
CCCC[NH+](Cc1cncn1Cc1ccc(C#N)cc1)[C@H]1CCN(Cc2ccccc2)C1=O,1,1,0.9519076919313816,O=C1C([NH2+]Cc2cncn2Cc2ccccc2)CCN1Cc1ccccc1
N#Cc1ccc(Cn2cncc2C[NH2+][C@H]2CCN(Cc3ccccc3)C2=O)cc1,1,1,0.9255562490937409,O=C1C([NH2+]Cc2cncn2Cc2ccccc2)CCN1Cc1ccccc1
O=C(Nc1ccccc1)c1[nH]c2cc(F)ccc2c1[C@@H]1C[NH2+]CC[C@@H]1F,1,1,0.8761969006900235,O=C(Nc1ccccc1)c1[nH]c2ccccc2c1C1CCC[NH2+]C1
CCC(=O)OC(Cc1ccccc1)(c1ccccc1)C(C)C[NH2+]C,1,1,0.8659551041581764,c1ccc(CCc2ccccc2)cc1
CCC(=O)O[C@](Cc1ccccc1)(c1ccccc1)[C@H](C)C[NH2+]C,1,1,0.8659551041581764,c1ccc(CCc2ccccc2)cc1
Fc1ccc(-n2cc(C3CCNCC3)c3cc(Cl)ccc32)cc1,1,1,0.9282766760048712,c1ccc(-n2cc(C3CCNCC3)c3ccccc32)cc1
CCS(=O)(=O)N(C)[C@H]1c2cc(C#N)ccc2OC(C)(C)[C@@H]1O,1,1,0.7325270700115026,c1ccc2c(c1)CCCO2
CCS(=O)(=O)C[NH2+][C@@H]1c2cc(C[NH3+])ccc2OC(C)(C)[C@H]1O,1,1,0.5540938931219596,c1ccc2c(c1)CCCO2
CN([C@@H]1c2cc(OCCCC(F)(F)F)ccc2OC(C)(C)[C@H]1O)S(C)(=O)=O,1,1,0.8237522443117532,c1ccc2c(c1)CCCO2
Clc1ccc(CO[C@@H](Cn2ccnc2)c2ccc(Cl)cc2Cl)c(Cl)c1,1,1,0.9527262497393626,c1ccc(COC(Cn2ccnc2)c2ccccc2)cc1
COc1cc(N)c(Cl)cc1C(=O)N[C@H]1CC[NH+]2CCC[C@H]1C2,1,1,0.7228302955538402,O=C(NC1CC[NH+]2CCCC1C2)c1ccccc1
C[C@@]12CCC(=O)C=C1C=C[C@@H]1[C@H]2CC[C@]2(C)[C@@H]1CC[C@]2(O)CCC(=O)[O-],0,0,0.10210010995700528,O=C1C=C2C=CC3C4CCCC4CCC3C2CC1
C[C@]12CCC(=O)C=C1C=C[C@@H]1[C@H]2CC[C@@]2(C)[C@@H]1CC[C@@]2(O)CCC(=O)O,0,0,0.18705897871813512,O=C1C=C2C=CC3C4CCCC4CCC3C2CC1
OCCOCC[NH+]1CCN(C2=Nc3ccccc3Sc3ccccc32)CC1,1,1,0.9297959928923859,c1ccc2c(c1)N=C(N1CC[NH2+]CC1)c1ccccc1S2
Cc1nnc(C(=O)NC(C)(C)C2=N/C(=C(\O)NCc3ccc(F)cc3)C(=O)C(=O)N2C)o1,0,0,0.18163705277997075,O=C1NC(CNC(=O)c2nnco2)=NC(=CNCc2ccccc2)C1=O
CCOc1cc(N)c(Cl)cc1C(=O)NC[C@@H]1C[NH+](Cc2ccc(F)cc2)CCO1,1,1,0.8810350017920944,O=C(NCC1C[NH+](Cc2ccccc2)CCO1)c1ccccc1
CCOc1cc(N)c(Cl)cc1C(=O)NCC1C[NH+](Cc2ccc(F)cc2)CCO1,1,1,0.8810350017920944,O=C(NCC1C[NH+](Cc2ccccc2)CCO1)c1ccccc1
COc1ccc(Cl)cc1C(=O)NCCc1ccc(S(=O)([O-])=NC(=O)NC2CCCCC2)cc1,0,0,0.3894460080306132,O=C(N=[SH](=O)c1ccc(CCNC(=O)c2ccccc2)cc1)NC1CCCCC1
N#Cc1ccc(Cn2cncc2C[NH+](CC[NH+]2CCOCC2)[C@@H]2CCN(Cc3cccc(Cl)c3)C2=O)cc1,1,1,0.9577952577369426,O=C1C([NH+](CC[NH+]2CCOCC2)Cc2cncn2Cc2ccccc2)CCN1Cc1ccccc1
COCC(=O)O[C@@]1(CC[NH+](C)CCCc2nc3ccccc3[nH]2)CCc2cc(F)ccc2[C@@H]1C(C)C,1,1,0.9717674881700932,c1ccc2c(c1)CCC(CC[NH2+]CCCc1nc3ccccc3[nH]1)C2
O=C([C@H](O)C1CC1)N1CC(c2cc(F)ccc2F)=C[C@@H]1c1ccccc1,1,1,0.9738663116200819,O=C(CC1CC1)N1CC(c2ccccc2)=CC1c1ccccc1
N[C@H](C(=O)N1CC(c2cc(F)ccc2F)=C[C@H]1c1cccc(O)c1)C1CC1,1,1,0.9544737659848156,O=C(CC1CC1)N1CC(c2ccccc2)=CC1c1ccccc1
O=C([C@@H](O)C1CC1)N1CC(c2cc(F)ccc2F)=C[C@H]1c1cccc(O)c1,1,1,0.9495236105008743,O=C(CC1CC1)N1CC(c2ccccc2)=CC1c1ccccc1
N[C@@H](C(=O)N1CC(c2cc(F)ccc2F)=C[C@H]1c1ccccc1)C1CC1,1,1,0.9759874657078172,O=C(CC1CC1)N1CC(c2ccccc2)=CC1c1ccccc1
CC(C)(C(=O)O)c1ccc([C@H](O)CCCN2CCC(C(O)(c3ccccc3)c3ccccc3)CC2)cc1,1,1,0.8394975037977047,c1ccc(CCCCN2CCC(C(c3ccccc3)c3ccccc3)CC2)cc1
CC(C)(O)c1ccc([C@H](O)CCCN2CCC(C(O)(c3ccccc3)c3ccccc3)CC2)cc1,1,1,0.9119706885738434,c1ccc(CCCCN2CCC(C(c3ccccc3)c3ccccc3)CC2)cc1
Fc1ccc(C(OCCN2CCN(CCCc3ccccc3)CC2)c2ccc(F)cc2)cc1,1,1,0.9789620384072301,c1ccc(CCCN2CCN(CCOC(c3ccccc3)c3ccccc3)CC2)cc1
CO[C@]12CC[C@@]3(C[C@@H]1[C@@](C)(O)C(C)(C)C)[C@H]1Cc4ccc(O)c5c4[C@@]3(CC[NH+]1CC1CC1)[C@H]2O5,1,1,0.9047161469155776,c1cc2c3c(c1)OC1C4CCC5(CC4)C(C2)[NH+](CC2CC2)CCC315
COC12CCC3(CC1C(C)(O)C(C)(C)C)C1Cc4ccc(O)c5c4C3(CC[NH+]1CC1CC1)C2O5,1,1,0.9047161469155776,c1cc2c3c(c1)OC1C4CCC5(CC4)C(C2)[NH+](CC2CC2)CCC315
CN1CCN(Cc2ccc3c(c2)Cc2c(-c4csc(C#CCOc5ccccc5)c4)n[nH]c2-3)C(=O)C1,0,1,0.7895470005568381,O=C1CNCCN1Cc1ccc2c(c1)Cc1c(-c3csc(C#CCOc4ccccc4)c3)n[nH]c1-2
Nc1nc(N)c2nc(-c3ccccc3)c(N)nc2n1,1,1,0.6760068839677864,c1ccc(-c2cnc3ncncc3n2)cc1
CCCC1=N[N+](C)=C2C(=O)N=C(c3cc(S(=O)(=O)N4CC[NH+](C)CC4)ccc3OCC)N=C12,0,0,0.3920979550196796,O=C1N=C(c2cccc(S(=O)(=O)N3CC[NH2+]CC3)c2)N=C2C=N[NH+]=C12
O=C1NCCN1CC[NH+]1CCC(c2cn(-c3ccc(F)cc3)c3ccccc23)CC1,1,1,0.7987681532403957,O=C1NCCN1CC[NH+]1CCC(c2cn(-c3ccccc3)c3ccccc23)CC1
O=C([O-])c1ccc(-n2cc(C3CC[NH+](CCN4CCNC4=O)CC3)c3cc(Cl)ccc32)cc1,0,0,0.3447759409012724,O=C1NCCN1CC[NH+]1CCC(c2cn(-c3ccccc3)c3ccccc23)CC1
COCCc1ccc(-n2cc(C3CC[NH+](CCN4CCNC4=O)CC3)c3cc(Cl)ccc32)cc1,0,1,0.7883537749430625,O=C1NCCN1CC[NH+]1CCC(c2cn(-c3ccccc3)c3ccccc23)CC1
O=C1NCCN1CC[NH+]1CCC(c2cn(-c3ccc(F)cc3)c3ccc(Cl)cc23)CC1,1,1,0.8538183936868284,O=C1NCCN1CC[NH+]1CCC(c2cn(-c3ccccc3)c3ccccc23)CC1
COCc1ccc(-n2cc(C3CC[NH+](CCN4CCNC4=O)CC3)c3cc(Cl)ccc32)cc1,1,1,0.813108884497604,O=C1NCCN1CC[NH+]1CCC(c2cn(-c3ccccc3)c3ccccc23)CC1
O=C1NCCN1CC[NH+]1CCC(c2cn(-c3ccc(CCO)cc3)c3ccc(Cl)cc23)CC1,0,1,0.7345553720314587,O=C1NCCN1CC[NH+]1CCC(c2cn(-c3ccccc3)c3ccccc23)CC1
O=C1NCCN1CC[NH+]1CCC(c2cn(-c3ccccc3)c3ccc(Cl)cc23)CC1,0,1,0.775469649957212,O=C1NCCN1CC[NH+]1CCC(c2cn(-c3ccccc3)c3ccccc23)CC1
Fc1ccc(C(OCC[NH+]2CC[NH+](CCCc3ccccc3)CC2)c2ccc(F)cc2)cc1,1,1,0.9612970299039104,c1ccc(CCC[NH+]2CC[NH+](CCOC(c3ccccc3)c3ccccc3)CC2)cc1
CC(C)Oc1cc([C@H](C2=CN[C@@H](C(C)(C)O)C=C2)c2ccc[n+]([O-])c2)ccc1OC(F)F,0,0,0.45476019946950946,C1=CC(C(c2ccccc2)c2ccc[nH+]c2)=CNC1
CC(C)Oc1cc([C@@H](C2=CN[C@@H](C(C)(C)O)C=C2)c2ccc[n+]([O-])c2)ccc1OC(F)F,0,0,0.45476019946950946,C1=CC(C(c2ccccc2)c2ccc[nH+]c2)=CNC1
O=C1CC2(CCCC2)CC(=O)N1CCCCN1CCN(c2ncccn2)CC1,1,1,0.8925453795292073,O=C1CC2(CCCC2)CC(=O)N1CCCCN1CCN(c2ncccn2)CC1
c1ccc(C2(c3ccccc3)C[C@H]2C2=[NH+]CCN2)cc1,1,1,0.7094511390112692,c1ccc(C2(c3ccccc3)CC2C2=[NH+]CCN2)cc1
c1ccc(C2(c3ccccc3)CC2C2=[NH+]CCN2)cc1,1,1,0.7094511390112692,c1ccc(C2(c3ccccc3)CC2C2=[NH+]CCN2)cc1
CCC(=O)N(c1ccccc1)C1CC[NH+](CCc2ccccc2)CC1,1,1,0.9177738726568866,c1ccc(CC[NH+]2CCC(Nc3ccccc3)CC2)cc1
COc1ccc(CCO[C@@H]2CCCC[C@@H]2N2CC[C@@H](O)C2)cc1OC,1,1,0.8324427420771533,c1ccc(CCOC2CCCCC2N2CCCC2)cc1
CC(=O)S[C@@H]1CC2=CC(=O)CC[C@]2(C)[C@H]2CC[C@@]3(C)[C@@H](CC[C@@]34CCC(=O)O4)[C@H]12,1,1,0.8906976382499411,O=C1C=C2CCC3C(CCC4C3CCC43CCC(=O)O3)C2CC1
C[NH+](C)CCCN1c2ccccc2Sc2ccc(Cl)cc21,1,1,0.9661789748757068,c1ccc2c(c1)Nc1ccccc1S2
C[C@H](CN(C)C)CN1c2ccccc2Sc2ccc(C#N)cc21,1,1,0.9748564033679182,c1ccc2c(c1)Nc1ccccc1S2
CC(CN1c2ccccc2Sc2ccc(C#N)cc21)C[NH+](C)C,1,1,0.9681775271890763,c1ccc2c(c1)Nc1ccccc1S2
CC(CN1c2ccccc2Sc2ccccc21)[NH+](C)C,1,1,0.9460175215002,c1ccc2c(c1)Nc1ccccc1S2
C[C@H](CN1c2ccccc2Sc2ccc(C#N)cc21)C[NH+](C)C,1,1,0.9681775271890763,c1ccc2c(c1)Nc1ccccc1S2
C[C@@H](CN(C)C)CN1c2ccccc2Sc2ccc(C#N)cc21,1,1,0.9748564033679182,c1ccc2c(c1)Nc1ccccc1S2
CCC[C@@H](C)C1(CC)C(=O)NC(=O)NC1=O,0,0,0.055872642191603955,O=C1CC(=O)NC(=O)N1
NC(=O)NOC[C@H]1NC(=O)NC1=O,0,0,0.02143770789150875,O=C1CNC(=O)N1
CCCCCCCCCCC[C@@H](C[C@@H]1OC(=O)[C@H]1CCCCCC)OC(=O)[C@H](CC(C)C)NC=O,0,0,0.3590814090416501,O=C1CCO1
CS(=O)(=O)Nc1ccc2c(c1)[C@H](O)CC1(CC[NH+]([C@@H]3CCc4cc(C#N)ccc4C3)CC1)O2,1,1,0.8631694617485495,c1ccc2c(c1)CCC([NH+]1CCC3(CCc4ccccc4O3)CC1)C2
CS(=O)(=O)Nc1ccc2c(c1)C(O)CC1(CC[NH+](C3CCc4cc(C#N)ccc4C3)CC1)O2,1,1,0.8631694617485495,c1ccc2c(c1)CCC([NH+]1CCC3(CCc4ccccc4O3)CC1)C2
N#Cc1ccc(Cn2cncc2C[NH+](CC[NH+]2CC[NH2+]CC2)[C@@H]2CCN(Cc3cccc(Cl)c3)C2=O)cc1,1,1,0.939504580402731,O=C1C([NH+](CC[NH+]2CC[NH2+]CC2)Cc2cncn2Cc2ccccc2)CCN1Cc1ccccc1
Cn1c(NCCN(CCO)CCCc2ccc([N+](=O)[O-])cc2)cc(=O)n(C)c1=O,1,1,0.9197405778993412,O=c1cc(NCCNCCCc2ccccc2)[nH]c(=O)[nH]1
COC(=O)C1=C(C)NC(C)=C(C(=O)OC(C)C)[C@H]1c1cccc2nonc12,0,0,0.3250327341861364,C1=CC(c2cccc3nonc23)C=CN1
Cc1oc(=O)oc1CN1CCN(c2cc3c(cc2F)c(=O)c(C(=O)O)c2n3[C@@H](C)S2)CC1,0,0,0.1502276006284029,O=c1occ(CN2CCN(c3ccc4c(=O)cc5n(c4c3)CS5)CC2)o1
C#CCSc1n[nH]c(-c2ccco2)n1,0,0,0.019360315908133512,c1coc(-c2ncn[nH]2)c1
Cn1nc(C(=O)NC2C[C@H]3CCC[C@@H](C2)[NH+]3C)c2ccccc21,1,1,0.8461274930425423,O=C(NC1CC2CCCC(C1)[NH2+]2)c1n[nH]c2ccccc12
Cc1nccn1C[C@@H]1CCc2c(c3ccccc3n2C)C1=O,1,1,0.8180260084806094,O=C1c2c([nH]c3ccccc23)CCC1Cn1ccnc1
Cc1nccn1CC1CCc2c(c3ccccc3n2C)C1=O,1,1,0.8180260084806094,O=C1c2c([nH]c3ccccc23)CCC1Cn1ccnc1
O=C1CN(/N=C/c2ccc(-c3ccc([N+](=O)[O-])cc3)o2)C(=O)N1,0,0,0.28739695748608923,O=C1CN(N=Cc2ccc(-c3ccccc3)o2)C(=O)N1
CC(C)Cn1c(=O)n(C)c(=O)c2[nH]cnc21,1,0,0.4801865266234843,O=c1[nH]c(=O)c2[nH]cnc2[nH]1
Cn1c(=O)c2c(ncn2C)n(C)c1=O,1,0,0.44024975305540487,O=c1[nH]c(=O)c2[nH]cnc2[nH]1
C=C1C[C@@]23C[C@H]4[C@@H]5[C@@]6(C)C[C@H](OC(C)=O)C[C@@]57[C@@H]2[C@H](O)[C@@H]1[C@H](OC(C)=O)[C@]3(O)[C@H]7N4C6,0,0,0.22463369776155762,C=C1CC23CC4C5C6CCCC57C(C2CC1CC37)N4C6
C[C@H]1CN(C[C@H](Cc2ccccc2)C(=O)NCC(=O)O)CC[C@@]1(C)c1cccc(O)c1,0,1,0.539796181195621,c1ccc(CCCN2CCC(c3ccccc3)CC2)cc1
CO[C@@H]1C[C@H](O[C@@H]2[C@H](C)[C@H](O[C@H]3O[C@H](C)C[C@@H]([NH+](C)C)[C@@H]3O)[C@H](C)C[C@@]3(CO3)C(=O)[C@H](C)[C@H](O)[C@@H](C)[C@@H](C)OC(=O)[C@H]2C)O[C@H](C)[C@H]1O,0,0,0.13949587995599422,O=C1CC(OC2CCCCO2)CC(OC2CCCCO2)CCC2(CO2)C(=O)CCCCO1
Nc1nnnn1CCO,0,0,0.045537151453959555,c1nnn[nH]1
CC1=NC2=[N+](CCCC2)C(=O)C1CC[NH+]1CCC(c2noc3cc(F)ccc23)CC1,1,1,0.9317458160621599,O=C1C(CC[NH+]2CCC(c3noc4ccccc34)CC2)C=NC2=[N+]1CCCC2
CC1=NC2=[N+](CCC[C@H]2O)C(=O)[C@@H]1CC[NH+]1CCC(c2noc3cc(F)ccc23)CC1,1,1,0.900714849449913,O=C1C(CC[NH+]2CCC(c3noc4ccccc34)CC2)C=NC2=[N+]1CCCC2
CC1=NC2=[N+](CCCC2)C(=O)[C@@H]1CC[NH+]1CCC(c2noc3cc(F)ccc23)CC1,1,1,0.9317458160621599,O=C1C(CC[NH+]2CCC(c3noc4ccccc34)CC2)C=NC2=[N+]1CCCC2
CN1CC(=O)N2[C@@H](c3ccc4c(c3)OCO4)c3[nH]c4ccccc4c3C[C@@H]2C1=O,0,0,0.4080955497378523,O=C1NCC(=O)N2C1Cc1c([nH]c3ccccc13)C2c1ccc2c(c1)OCO2
CN1CC(=O)N2[C@H](c3ccc4c(c3)OCO4)c3[nH]c4ccccc4c3C[C@@H]2C1=O,0,0,0.4080955497378523,O=C1NCC(=O)N2C1Cc1c([nH]c3ccccc13)C2c1ccc2c(c1)OCO2
CCCCC(=O)N(Cc1ccc(-c2ccccc2-c2nn[n-]n2)cc1)[C@H](C(=O)[O-])C(C)C,0,0,0.20493925492328796,c1ccc(-c2ccccc2-c2nn[n-]n2)cc1
O=C1N(Cc2ccccc2)[C@@H]2[C@H]3CCC[S+]3C[C@@H]2N1Cc1ccccc1,1,1,0.8231929431137767,O=C1N(Cc2ccccc2)C2C[S+]3CCCC3C2N1Cc1ccccc1
COc1cc2nc(N3CCN(C(=O)[C@@H]4CCCO4)CC3)nc(N)c2cc1OC,1,1,0.9617028338289686,O=C(C1CCCO1)N1CCN(c2ncc3ccccc3n2)CC1
c1ccc(-c2[nH]c3ccccc3c2C2CCN(c3ccccc3)CC2)cc1,1,1,0.9235755504108224,c1ccc(-c2[nH]c3ccccc3c2C2CCN(c3ccccc3)CC2)cc1
CC12CCC3C(CCC4=CC(=O)C=CC43C)C1CCC(=O)O2,0,0,0.15663251788780014,O=C1C=CC2C(=C1)CCC1C3CCC(=O)OC3CCC21
Cc1nc2n(c(=O)c1CCN1CCC(c3noc4cc(F)ccc34)CC1)CCC[C@@H]2O,1,1,0.9698360436224758,O=c1c(CCN2CCC(c3noc4ccccc34)CC2)cnc2n1CCCC2
CN1CCN(CCCN2c3ccccc3Sc3ccc(C(F)(F)F)cc32)CC1,1,1,0.9809155315642593,c1ccc2c(c1)Sc1ccccc1N2CCCN1CCNCC1
COc1ccc(CCN(C)CCC[C@@](C#N)(c2cc(OC)c(OC)c(OC)c2)C(C)C)cc1OC,1,1,0.9590977974685694,c1ccc(CCCCNCCc2ccccc2)cc1
COc1ccc([C@@H]2CC(=O)c3c(O)cc(O)cc3O2)cc1O,0,0,0.3317905283042861,O=C1CC(c2ccccc2)Oc2ccccc21
O=C1C[C@@H](c2ccc(O)cc2)Oc2cc(O)cc(O)c21,1,0,0.3361081903558832,O=C1CC(c2ccccc2)Oc2ccccc21
O=C(O[C@@H]1Cc2c(O)cc(O)cc2O[C@@H]1c1cc(O)c(O)c(O)c1)c1cc(O)c(O)c(O)c1,1,1,0.8193959168702449,O=C(OC1Cc2ccccc2OC1c1ccccc1)c1ccccc1
CC(C)n1c(/C=C\[C@@H](O)C[C@@H](O)CC(=O)[O-])c(-c2ccc(F)cc2)c2ccccc21,0,1,0.5561500059004096,c1ccc(-c2c[nH]c3ccccc23)cc1
CCCCC1=NC2(CCCC2)C(=O)N1Cc1ccc(-c2ccccc2-c2nn[n-]n2)cc1,0,0,0.30236048740276883,O=C1N(Cc2ccc(-c3ccccc3-c3nn[n-]n3)cc2)C=NC12CCCC2
Cc1cccc(CC[NH+]2CCC(C(=O)c3ccc(NS(C)(=O)=O)cc3)CC2)n1,1,1,0.6793663940807659,O=C(c1ccccc1)C1CC[NH+](CCc2ccccn2)CC1
CCCCc1nc(Cl)c(CO)n1Cc1ccc(-c2ccccc2-c2nn[n-]n2)cc1,1,1,0.7603162458999978,c1ccc(-c2nn[n-]n2)c(-c2ccc(Cn3ccnc3)cc2)c1
CN(C(=O)N1CC(c2cc(F)ccc2F)=C[C@H]1c1cccc(O)c1)C1CCNCC1,1,1,0.9477727224580529,O=C(NC1CCNCC1)N1CC(c2ccccc2)=CC1c1ccccc1
CN(C(=O)N1CC(c2cc(F)ccc2F)=C[C@H]1c1ccccc1)C1CCNCC1,1,1,0.9672138293471475,O=C(NC1CCNCC1)N1CC(c2ccccc2)=CC1c1ccccc1
Fc1ccc2c([C@@H]3C[NH2+]CC[C@@H]3F)c(C3CCCCCC3)[nH]c2c1,1,1,0.9117472777392887,c1ccc2c(C3CCC[NH2+]C3)c(C3CCCCCC3)[nH]c2c1
C[C@@H]1O[C@@H](O[C@@H]2C[C@@H](O)[C@]3(CO)[C@@H]4[C@@H](CC[C@@]3(O)C2)[C@@]2(O)CC[C@@H](C3=CC(=O)OC3)[C@@]2(C)C[C@@H]4O)[C@H](O)[C@H](O)[C@H]1O,1,1,0.587779624890231,O=C1C=C(C2CCC3C2CCC2C4CCC(OC5CCCCO5)CC4CCC23)CO1
CS(=O)(=O)Nc1ccc2c(c1)C(=O)CC1(CCN([C@@H]3CCc4cc(C#N)ccc4C3)CC1)O2,1,1,0.8646479391063661,O=C1CC2(CCN(C3CCc4ccccc4C3)CC2)Oc2ccccc21
CCOC(=O)C1=C(COCC[NH3+])NC(C)=C(C(=O)OC)[C@H]1c1ccccc1Cl,1,1,0.65779022265527,C1=CC(c2ccccc2)C=CN1
COC(=O)C1=C(C)NC(C)=C(C(=O)OC)C1c1ccccc1[N+](=O)[O-],0,0,0.2689360946563647,C1=CC(c2ccccc2)C=CN1
CCOC(=O)C1=C(C)NC(C)=C(C(=O)OC)[C@H]1c1cccc([N+](=O)[O-])c1,0,0,0.292866415301815,C1=CC(c2ccccc2)C=CN1
CC[C@H]1OC(=O)[C@H](C)[C@@H](O[C@H]2C[C@@](C)(OC)[C@@H](O)[C@H](C)O2)[C@H](C)[C@@H](O[C@@H]2O[C@H](C)C[C@H]([NH+](C)C)[C@H]2O)[C@](C)(O)C[C@@H](C)/C(=N/OCOCCOC)[C@H](C)[C@@H](O)[C@]1(C)O,1,1,0.8233807419045268,N=C1CCCCOC(=O)CC(OC2CCCCO2)CC(OC2CCCCO2)CCC1
CC[C@H]1OC(=O)[C@@H](C)[C@@H](O[C@H]2C[C@@](C)(OC)[C@@H](O)[C@H](C)O2)[C@H](C)[C@@H](O[C@@H]2O[C@H](C)C[C@H]([NH+](C)C)[C@@H]2O)[C@](C)(O)C[C@@H](C)/C(=N/OCOCCOC)[C@H](C)[C@@H](O)[C@]1(C)O,1,1,0.8233807419045268,N=C1CCCCOC(=O)CC(OC2CCCCO2)CC(OC2CCCCO2)CCC1
C[C@H]1O[C@@H](O[C@H]2[C@@H](O)C[C@H](O[C@H]3[C@@H](O)C[C@H](O[C@H]4CC[C@@]5(C)[C@H](CC[C@@H]6[C@@H]5C[C@@H](O)[C@]5(C)[C@@H](C7=CC(=O)OC7)CC[C@]65O)C4)O[C@@H]3C)O[C@@H]2C)C[C@H](O)[C@@H]1O,1,1,0.7928760778346485,O=C1C=C(C2CCC3C2CCC2C4CCC(OC5CCC(OC6CCC(OC7CCCCO7)CO6)CO5)CC4CCC23)CO1
C[C@H]1O[C@@H](O[C@H]2[C@@H](O)C[C@H](O[C@H]3[C@@H](O)C[C@H](O[C@H]4CC[C@@]5(C)[C@H](CC[C@@H]6[C@@H]5CC[C@]5(C)[C@@H](C7=CC(=O)OC7)CC[C@]65O)C4)O[C@@H]3C)O[C@@H]2C)C[C@H](O)[C@@H]1O,1,1,0.8096053913478801,O=C1C=C(C2CCC3C2CCC2C4CCC(OC5CCC(OC6CCC(OC7CCCCO7)CO6)CO5)CC4CCC23)CO1
O=S1(=O)c2cccc3cccc(c23)N1CCCN1CCN(c2ccc(F)cc2)CC1,1,1,0.9548657341676563,O=S1(=O)c2cccc3cccc(c23)N1CCCN1CCN(c2ccccc2)CC1
COc1ccc(C[C@@H]2c3cc(Oc4cc(C[C@@H]5c6cc(OC)c(OC)cc6CCN5C)ccc4O)c(OC)cc3CCN2C)cc1,1,1,0.9864144364617866,c1ccc(CC2NCCc3ccc(Oc4cccc(CC5NCCc6ccccc65)c4)cc32)cc1
CC(C)c1nc(CN(C)C(=O)N[C@H](C(=O)N[C@@H](Cc2ccccc2)C[C@H](O)[C@H](Cc2ccccc2)NC(=O)OCc2cncs2)C(C)C)cs1,1,1,0.9226662977682637,O=C(CNC(=O)NCc1cscn1)NC(CCC(Cc1ccccc1)NC(=O)OCc1cncs1)Cc1ccccc1
C[NH+]1[C@@H]2CC[C@H]1CC(OC(=O)[C@@H](CO)c1ccccc1)C2,1,1,0.6903160092552312,O=C(Cc1ccccc1)OC1CC2CCC(C1)[NH2+]2
O=C1NCCN1CC[NH+]1CCC(c2cn(C3CCCCC3)c3ccc(Cl)cc23)CC1,0,1,0.7158393956782753,O=C1NCCN1CC[NH+]1CCC(c2cn(C3CCCCC3)c3ccccc23)CC1
O=C1NCN(c2ccccc2)C12CC[NH+](CCCC(c1ccc(F)cc1)c1ccc(F)cc1)CC2,1,1,0.9783402425251961,O=C1NCN(c2ccccc2)C12CC[NH+](CCCC(c1ccccc1)c1ccccc1)CC2
Nc1nc(N)nc(CC(=O)O)n1,0,0,0.013376278116008822,c1ncncn1
O=c1ccnc(NCC2CCN(c3nc4ccccc4n3Cc3ccc(F)cc3)CC2)[nH]1,1,1,0.9822966023703373,O=c1ccnc(NCC2CCN(c3nc4ccccc4n3Cc3ccccc3)CC2)[nH]1
C1CCC2(C1)C1C[NH+](CC3CC3)CC2C[NH+](CC2CC2)C1,1,1,0.7852070853627624,C1CCC2(C1)C1C[NH+](CC3CC3)CC2C[NH+](CC2CC2)C1
Cc1cccc(C)c1NC(=O)CC12CCC[NH+]1CCC2,1,1,0.832150780168803,O=C(CC12CCC[NH+]1CCC2)Nc1ccccc1
NC1=[NH+]C[C@H]2c3ccccc3Cc3ccccc3N12,0,0,0.4194429652505223,C1=[NH+]CC2c3ccccc3Cc3ccccc3N12
C[NH+](C)CC/C=C1/c2ccccc2COc2ccccc21,1,1,0.8762953467980296,C=C1c2ccccc2COc2ccccc21
COC(=O)C1=CC[C@@H]2CC[C@@H]1[NH+]2C,0,0,0.23451932734814088,C1=CC2CCC(C1)[NH2+]2
NC(=O)C(c1ccccc1)(c1ccccc1)[C@@H]1CCN(CCc2ccc3c(c2)CCO3)C1,1,1,0.9304969380880651,c1ccc(C(c2ccccc2)C2CCN(CCc3ccc4c(c3)CCO4)C2)cc1
CC(C)CC([NH+](C)C)C1(c2ccc(Cl)cc2)CCC1,0,1,0.7388618385855172,c1ccc(C2CCC2)cc1
CC(C)C[C@@H]([NH+](C)C)C1(c2ccc(Cl)cc2)CCC1,1,1,0.7388618385855172,c1ccc(C2CCC2)cc1
COc1cc(N)c(Cl)cc1C(=O)NC1CCN(Cc2ccccc2)CC1,1,1,0.912708085340324,O=C(NC1CCN(Cc2ccccc2)CC1)c1ccccc1
CN1CCN(CCCN(C(=O)Nc2ccc(F)c(C(F)(F)F)c2)[C@@H]2C[C@@H](c3ccc(C#N)cc3)[C@@H]3C[C@H]32)CC1,1,1,0.9616937243020706,O=C(Nc1ccccc1)N(CCCN1CCNCC1)C1CC(c2ccccc2)C2CC21
CCC[NH+]1C[C@H](CSC)C[C@@H]2c3cccc4c3C(C=N4)C[C@H]21,1,1,0.8928060679561447,C1=Nc2cccc3c2C1CC1[NH2+]CCCC31
CCC[NH+]1C[C@H](CSC)C[C@H]2c3cccc4c3[C@H](C=N4)C[C@H]21,1,1,0.8928060679561447,C1=Nc2cccc3c2C1CC1[NH2+]CCCC31
COc1cc2c(cc1OC)[C@@H]1Cc3ccc(OC)c(OC)c3[C@@H](Cc3ccccc3)N1CC2,1,1,0.9535272706792705,c1ccc(CC2c3ccccc3CC3c4ccccc4CCN23)cc1
COc1ccc2c3c1O[C@H]1C(=O)CC[C@@]4(O)[C@@H](C2)[NH+](C)CC[C@]314,0,0,0.3876793972719159,O=C1CCC2C3Cc4cccc5c4C2(CC[NH2+]3)C1O5
C[NH2+]CCCC12CCC(c3ccccc31)c1ccccc12,1,1,0.8846803689228329,c1ccc2c(c1)C1CCC2c2ccccc21
Cc1cccc(C)c1OCC(=O)NC(Cc1ccccc1)C(O)CC(Cc1ccccc1)NC(=O)C(C(C)C)N1CCCNC1=O,1,1,0.9281797665744801,O=C(COc1ccccc1)NC(CCC(Cc1ccccc1)NC(=O)CN1CCCNC1=O)Cc1ccccc1
Cc1cccc(C)c1OCC(=O)N[C@H](Cc1ccccc1)[C@H](O)C[C@@H](Cc1ccccc1)NC(=O)[C@@H](C(C)C)N1CCCNC1=O,1,1,0.9281797665744801,O=C(COc1ccccc1)NC(CCC(Cc1ccccc1)NC(=O)CN1CCCNC1=O)Cc1ccccc1
CC[NH+](CC)CCCN(CC(=O)N(C1CCCCC1)C1CCCCC1)C(=O)c1ccc([N+](=O)[O-])cc1,1,1,0.881632938091167,O=C(NCC(=O)N(C1CCCCC1)C1CCCCC1)c1ccccc1
O=c1n(CCCN2CCN(c3cccc(Cl)c3)CC2)nc2ccccn12,1,1,0.5610980965514901,O=c1n(CCCN2CCN(c3ccccc3)CC2)nc2ccccn12
CCc1c(C)[nH]c2c1/C(=N/NC(=O)Nc1ccccc1)CCC2,1,1,0.8791663403014657,O=C(NN=C1CCCc2[nH]ccc21)Nc1ccccc1
COc1ccc(CC[NH+](C)CCCN(C(=O)c2ccc([N+](=O)[O-])cc2)c2ccc(OC)c(OC)c2)cc1OC,1,1,0.9450614959661832,O=C(c1ccccc1)N(CCC[NH2+]CCc1ccccc1)c1ccccc1
O=C(OC1C[C@@H]2CC3C[C@H](C1)[NH+]2C[C@@H]3O)c1c[nH]c2ccccc12,1,1,0.7820674629746114,O=C(OC1CC2CC3CC[NH+]2C(C3)C1)c1c[nH]c2ccccc12
O=C1NC[C@@H](c2ccccc2)C12CCN([C@H]1CCCC[C@@H]1c1ccccc1)CC2,1,1,0.9449937024838191,O=C1NCC(c2ccccc2)C12CCN(C1CCCCC1c1ccccc1)CC2
CC/C(=C(\c1ccccc1)c1ccc(OCCN(C)C)cc1)c1ccccc1,1,1,0.9679824964258442,C(=C(c1ccccc1)c1ccccc1)c1ccccc1
CC/C(=C(/c1ccccc1)c1ccc(OCC[NH+](C)C)cc1)c1ccccc1,1,1,0.9596184172067991,C(=C(c1ccccc1)c1ccccc1)c1ccccc1
CC[NH+](CC)CCOc1ccc(/C(=C(/Cl)c2ccccc2)c2ccccc2)cc1,1,1,0.9860395658462209,C(=C(c1ccccc1)c1ccccc1)c1ccccc1
COc1cc(C(=O)N=S(=O)([O-])c2ccccc2C)ccc1Cc1cn(C)c2ccc(NC(=O)OC3CCCC3)cc12,1,1,0.8309418466490557,O=C(Nc1ccc2[nH]cc(Cc3ccc(C(=O)N=[SH](=O)c4ccccc4)cc3)c2c1)OC1CCCC1
O=C1CN(CCc2ccc(F)cc2)CCN1[C@H]1CCc2cc(CN3CCS(=O)(=O)CC3)ccc2C1,1,1,0.9326833082649318,O=C1CN(CCc2ccccc2)CCN1C1CCc2cc(CN3CCS(=O)(=O)CC3)ccc2C1
COc1ccc(CCN(C)CCCN(C(=O)c2ccc([N+](=O)[O-])cc2)c2ccc(OC)c(OC)c2)cc1OC,1,1,0.9624247919725399,O=C(c1ccccc1)N(CCCNCCc1ccccc1)c1ccccc1
Cc1cccc(C)c1NC(=O)[C@H]1CCCC[NH+]1CC1CC1,1,1,0.7622180389635498,O=C(Nc1ccccc1)C1CCCC[NH+]1CC1CC1
CCCOC(C(=O)OC1CCN(C)CC1)(c1ccccc1)c1ccccc1,1,1,0.9378768568381398,O=C(OC1CCNCC1)C(c1ccccc1)c1ccccc1
COc1ccc2c(c1)[C@]13CCCC[C@@H]1[C@H](C2)N(C)CC3,1,1,0.760814906414588,c1ccc2c(c1)CC1NCCC23CCCCC13
CN1CCN2c3ccccc3Cc3ccccc3[C@@H]2C1,1,1,0.8298429524990456,c1ccc2c(c1)Cc1ccccc1N1CCNCC21
Oc1ccc(CCN2CCC(Nc3nc4ccccc4n3Cc3ccc(F)cc3)CC2)cc1,1,1,0.9854244419927398,c1ccc(CCN2CCC(Nc3nc4ccccc4n3Cc3ccccc3)CC2)cc1
C[N@@+]1(CC2CC2)CC[C@]23c4c5ccc(O)c4O[C@H]2C(=O)CC[C@@]3(O)[C@H]1C5,0,0,0.35162577728470173,O=C1CCC2C3Cc4cccc5c4C2(CC[NH+]3CC2CC2)C1O5
O=c1[nH]c2ccccc2n1CCCN1CCN(C(c2ccccc2)c2ccccc2)CC1,1,1,0.9571921495552936,O=c1[nH]c2ccccc2n1CCCN1CCN(C(c2ccccc2)c2ccccc2)CC1
CC(C)(CN1CCC(=C2c3ccc(F)cc3COc3ccccc32)CC1)C(=O)O,1,1,0.8618800288501756,c1ccc2c(c1)COc1ccccc1C2=C1CCNCC1
N=C(N)c1ccc(OCCCCCOc2ccc(C(=N)N)cc2)cc1,0,0,0.4881866463966871,c1ccc(OCCCCCOc2ccccc2)cc1
Nc1nc(=S)c2[nH]cnc2[nH]1,0,0,0.062011844052973025,S=c1nc[nH]c2nc[nH]c12
Cc1cnc(NC(=O)C2=C(O)c3ccccc3S(=O)(=O)N2C)s1,0,0,0.12366893696085075,O=C(Nc1nccs1)C1=Cc2ccccc2S(=O)(=O)N1
O=C1NC(=O)C(c2ccccc2)(c2ccccc2)N1,0,0,0.20169767709111075,O=C1NC(=O)C(c2ccccc2)(c2ccccc2)N1
CCOc1ccccc1C(=O)NCCCN1CCOCC1,1,1,0.756495094821067,O=C(NCCCN1CCOCC1)c1ccccc1
O=C(CCCN1CCC(n2c(=O)[nH]c3ccccc32)CC1)c1ccc(F)cc1,1,1,0.9257547338978098,O=C(CCCN1CCC(n2c(=O)[nH]c3ccccc32)CC1)c1ccccc1
C[NH+]1CC[NH+](CCCCN2C(=O)CN(/N=C/c3ccc(-c4ccc(Cl)cc4)o3)C2=O)CC1,1,1,0.760901054184909,O=C1CN(N=Cc2ccc(-c3ccccc3)o2)C(=O)N1CCCC[NH+]1CC[NH2+]CC1
Cc1nc2c(=O)n(CC3(c4ccccc4)CC3)ccn2c1Br,1,1,0.9046379126954148,O=c1c2nccn2ccn1CC1(c2ccccc2)CC1
Cc1cn2ccn(CC3(c4ccc(C(F)(F)F)cc4)CC3)c(=O)c2n1,1,1,0.8657185282991131,O=c1c2nccn2ccn1CC1(c2ccccc2)CC1
Cc1cn2ccn(CC3(c4ccccc4)CC3)c(=O)c2n1,0,1,0.6307274141288074,O=c1c2nccn2ccn1CC1(c2ccccc2)CC1
O=C(OC1C[C@H]2CC3C[C@H](C1)[NH+]2CC3=O)C1=c2ccccc2=NC1,1,1,0.7896327366545324,O=C(OC1CC2CC3CC(C1)[NH+]2CC3=O)C1=c2ccccc2=NC1
Cc1ncccc1C(=O)N1CC[C@H]([NH2+]Cc2cncn2Cc2ccc(C#N)cc2)C1=O,1,1,0.8734382200974111,O=C(c1cccnc1)N1CCC([NH2+]Cc2cncn2Cc2ccccc2)C1=O
N#Cc1ccc(Cn2cncc2C[NH2+][C@H]2CCN(C(=O)c3cccnc3[O-])C2=O)cc1,0,0,0.489962409798914,O=C(c1cccnc1)N1CCC([NH2+]Cc2cncn2Cc2ccccc2)C1=O
N#Cc1ccc(Cn2cncc2C[NH2+][C@@H]2CCN(C(=O)c3cccnc3N)C2=O)cc1,0,1,0.7516055985248199,O=C(c1cccnc1)N1CCC([NH2+]Cc2cncn2Cc2ccccc2)C1=O
CSc1ncccc1C(=O)N1CC[C@@H]([NH2+]Cc2cncn2Cc2ccc(C#N)cc2)C1=O,1,1,0.8502577952628352,O=C(c1cccnc1)N1CCC([NH2+]Cc2cncn2Cc2ccccc2)C1=O
N#Cc1ccc(Cn2cncc2C[NH2+][C@@H]2CCN(C(=O)c3cccnc3[S-])C2=O)cc1,1,1,0.642843292527473,O=C(c1cccnc1)N1CCC([NH2+]Cc2cncn2Cc2ccccc2)C1=O
N#Cc1ccc(Cn2cncc2C[NH2+][C@@H]2CCN(C(=O)c3cncc(Br)c3)C2=O)cc1,1,1,0.9489064980867148,O=C(c1cccnc1)N1CCC([NH2+]Cc2cncn2Cc2ccccc2)C1=O
CCSc1ncccc1C(=O)N1CC[C@@H]([NH2+]Cc2cncn2Cc2ccc(C#N)cc2)C1=O,1,1,0.8696390117103422,O=C(c1cccnc1)N1CCC([NH2+]Cc2cncn2Cc2ccccc2)C1=O
COc1ncccc1C(=O)N1CC[C@H]([NH2+]Cc2cncn2Cc2ccc(C#N)cc2)C1=O,1,1,0.8859132321621381,O=C(c1cccnc1)N1CCC([NH2+]Cc2cncn2Cc2ccccc2)C1=O
N#Cc1ccc(Cn2cncc2C[NH+](CCCc2ccccc2)[C@@H]2CCN(Cc3cccc(Cl)c3)C2=O)cc1,1,1,0.9793565726204476,O=C1C([NH+](CCCc2ccccc2)Cc2cncn2Cc2ccccc2)CCN1Cc1ccccc1
CC(=O)Nc1nnc(S(N)(=O)=O)s1,0,0,0.026085791926349407,c1nncs1
CCC[NH2+][C@H]1CCc2nc(N)sc2C1,0,0,0.3027494102899775,c1nc2c(s1)CCCC2
O=C1N=c2ccccc2=[N+]1CCC[NH+]1CCC([N+]2=c3ccc(Cl)cc3=NC2=O)CC1,1,1,0.8884792939899144,O=C1N=c2ccccc2=[N+]1CCC[NH+]1CCC([N+]2=c3ccccc3=NC2=O)CC1
c1ccc(-c2[nH]c3ccccc3c2C2C[C@H]3CC[C@@H](C2)N3c2ccccc2)cc1,1,1,0.9361956146143876,c1ccc(-c2[nH]c3ccccc3c2C2CC3CCC(C2)N3c2ccccc2)cc1
